_id,District,Local Level Name,Total family number,Total household number,Total population,Total Male,Total Female,mismatch,Male percentage,Female percentage,Sex Ration,population density,Average family size,Average household size
1,Taplejung,Aathrai Tribeni Rural Municipality,2869,2735,12288,6005,6283,True,48.87,51.13,0.96,4.492870201096892,4.28,4.49
2,Taplejung,Maiwakhola Rural Municipality,2275,2178,10365,5264,5101,True,50.79,49.21,1.03,4.758953168044077,4.56,4.76
3,Taplejung,Meringden Rural Municipality,2683,2528,12040,6181,5859,True,51.34,48.66,1.05,4.762658227848101,4.49,4.76
4,Taplejung,Mikwakhola Rural Municipality,1862,1792,7991,4000,3991,True,50.06,49.94,1.0,4.459263392857143,4.29,4.46
5,Taplejung,Phaktanglung Rural Municipality,2864,2700,11925,6239,5686,True,52.32,47.68,1.1,4.416666666666667,4.16,4.42
6,Taplejung,Phungling Municipality,7306,5888,28786,14160,14626,True,49.19,50.81,0.97,4.888926630434782,3.94,4.89
7,Taplejung,Sidingba Rural Municipality,2604,2484,10981,5593,5388,True,50.93,49.07,1.04,4.420692431561997,4.22,4.42
8,Taplejung,Sirijangha Rural Municipality,3329,3197,14186,7227,6959,True,50.94,49.06,1.04,4.43728495464498,4.26,4.44
9,Taplejung,Pathivara Yangwarak Rural Municipality,2738,2637,11797,5855,5942,True,49.63,50.37,0.99,4.473644292756921,4.31,4.47
10,Panchthar,Falelung Rural Municipality,4940,4773,20531,10211,10320,True,49.73,50.27,0.99,4.301487534045673,4.16,4.3
11,Panchthar,Falgunanda Rural Municipality,5293,4968,21253,10417,10836,True,49.01,50.99,0.96,4.277979066022544,4.02,4.28
12,Panchthar,Hilihang Rural Municipality,4878,4647,20537,10160,10377,True,49.47,50.53,0.98,4.419410372283194,4.21,4.42
13,Panchthar,Kummayak Rural Municipality,3199,3012,13020,6532,6488,True,50.17,49.83,1.01,4.322709163346613,4.07,4.32
14,Panchthar,Miklajung Rural Municipality,5509,5163,21328,10535,10793,True,49.4,50.6,0.98,4.130931628897928,3.87,4.13
15,Panchthar,Phidim Municipality,12433,10442,48713,23963,24750,True,49.19,50.81,0.97,4.6651024707910365,3.92,4.67
16,Panchthar,Tumbewa Rural Municipality,2752,2636,11063,5644,5419,True,51.02,48.98,1.04,4.196889226100152,4.02,4.2
17,Panchthar,Yangwarak Rural Municipality,3964,3765,16828,8509,8319,True,50.56,49.44,1.02,4.4695883134130145,4.25,4.47
18,Ilam,Chulachuli Rural Municipality,5624,5533,22856,11215,11641,True,49.07,50.93,0.96,4.130851256099765,4.06,4.13
19,Ilam,Deumai Municipality,7907,7535,31531,15807,15724,True,50.13,49.87,1.01,4.184605175846052,3.99,4.18
20,Ilam,Fakphokthum Rural Municipality,4923,4748,20004,9800,10204,True,48.99,51.01,0.96,4.213142375737153,4.06,4.21
21,Ilam,Illam Municipality,13395,11943,50455,24781,25674,True,49.12,50.88,0.97,4.224650422841832,3.77,4.22
22,Ilam,Maijogmai Rural Municipality,4957,4881,19295,9686,9609,True,50.2,49.8,1.01,3.953083384552346,3.89,3.95
23,Ilam,Mai Municipality,7966,7844,30988,15126,15862,True,48.81,51.19,0.95,3.950535441101479,3.89,3.95
24,Ilam,Mangsebung Rural Municipality,3891,3793,16897,8602,8295,True,50.91,49.09,1.04,4.454785130503559,4.34,4.45
25,Ilam,Rong Rural Municipality,4715,4650,17555,8739,8816,True,49.78,50.22,0.99,3.775268817204301,3.72,3.78
26,Ilam,Sandakpur Rural Municipality,4031,3937,15460,7840,7620,True,50.71,49.29,1.03,3.9268478536957074,3.84,3.93
27,Ilam,Suryodaya Municipality,14149,13463,55457,27922,27535,True,50.35,49.65,1.01,4.119215628017529,3.92,4.12
28,Jhapa,Arjundhara Municipality,20978,5195,84429,40591,43838,True,48.08,51.92,0.93,4.444801263490392,4.02,16.25
29,Jhapa,Barhadashi Rural Municipality,9053,8665,37916,17952,19964,True,47.35,52.65,0.9,4.375764570109636,4.19,4.38
30,Jhapa,Bhadrapur Municipality,17385,5195,70823,33988,36835,True,47.99,52.01,0.92,4.417602295409182,4.07,13.63
31,Jhapa,Birtamod Municipality,29861,5195,25508,57136,60219,True,48.69,51.31,0.95,5.093754069187031,0.85,4.91
32,Jhapa,Buddhashanti Rural Municipality,13276,12518,52911,25276,27635,True,47.77,52.23,0.91,4.226793417478831,3.99,4.23
33,Jhapa,Damak Municipality,27725,5195,25508,51118,56292,True,47.59,52.41,0.91,4.882272727272727,0.92,4.91
34,Jhapa,Gauradhaha Municipality,14845,14137,60598,28782,31816,True,47.5,52.5,0.9,4.286482280540426,4.08,4.29
35,Jhapa,Gauriganj Rural Municipality,8712,8069,36058,17089,18969,True,47.39,52.61,0.9,4.46870739868633,4.14,4.47
36,Jhapa,Haldibari Rural Municipality,7894,7621,33054,15831,17223,True,47.89,52.11,0.92,4.33722608581551,4.19,4.34
37,Jhapa,Jhapa Rural Municipality,8554,8003,39372,19131,20241,True,48.59,51.41,0.95,4.919655129326503,4.6,4.92
38,Jhapa,Kachankawal Rural Municipality,10200,9260,42386,20024,22362,True,47.24,52.76,0.9,4.5773218142548595,4.16,4.58
39,Jhapa,Kamal Rural Municipality,13356,12335,53710,25739,27971,True,47.92,52.08,0.92,4.354276449128496,4.02,4.35
40,Jhapa,Kankai Municipality,13553,12419,53088,25557,27531,True,48.14,51.86,0.93,4.274740317255818,3.92,4.27
41,Jhapa,Mechinagar Municipality,32710,5195,25508,64410,67110,True,48.97,51.03,0.96,4.4038171772978405,0.78,4.91
42,Jhapa,Shivasataxi Municipality,18036,5195,73460,34872,38588,True,47.47,52.53,0.9,4.313311021079208,4.07,14.14
43,Morang,Belbari Municipality,20662,5195,81837,38460,43377,True,47.0,53.0,0.89,4.319714964370546,3.96,15.75
44,Morang,Biratnagar Metropolitian City,57383,5195,25508,122769,121981,True,50.16,49.84,1.01,5.414343863374922,0.44,4.91
45,Morang,Budhiganga Rural Municipality,12455,10768,51640,25472,26168,True,49.33,50.67,0.97,4.7956909361069835,4.15,4.8
46,Morang,Dhanpalthan Rural Municipality,9935,8528,45204,22136,23068,True,48.97,51.03,0.96,5.300656660412758,4.55,5.3
47,Morang,Gramthan Rural Municipality,9483,8660,36500,17889,18611,True,49.01,50.99,0.96,4.214780600461894,3.85,4.21
48,Morang,Jahada Rural Municipality,9868,8489,47836,24262,23574,True,50.72,49.28,1.03,5.635057132760043,4.85,5.64
49,Morang,Kanepokhari Rural Municipality,10760,10271,43177,20441,22736,True,47.34,52.66,0.9,4.20377762632655,4.01,4.2
50,Morang,Katahari Rural Municipality,10522,9370,48633,24414,24219,True,50.2,49.8,1.01,5.190288153681964,4.62,5.19
51,Morang,Kerabari Rural Municipality,8809,8184,34725,16768,17957,True,48.29,51.71,0.93,4.243035190615836,3.94,4.24
52,Morang,Letang Municipality,9304,8758,38675,18473,20202,True,47.76,52.24,0.91,4.415962548527061,4.16,4.42
53,Morang,Miklajung Rural Municipality,8390,7969,33315,16074,17241,True,48.25,51.75,0.93,4.180574727067386,3.97,4.18
54,Morang,Patahrishanishchare Municipality,18191,5195,72689,34263,38426,True,47.14,52.86,0.89,4.37332290475904,4.0,13.99
55,Morang,Rangeli Municipality,13339,11903,57814,28238,29576,True,48.84,51.16,0.95,4.8570948500378055,4.33,4.86
56,Morang,Ratuwamai Municipality,14624,13768,61355,29091,32264,True,47.41,52.59,0.9,4.456348053457292,4.2,4.46
57,Morang,Sundarharaicha Municipality,30219,5195,25508,57858,63447,True,47.7,52.3,0.91,4.547175469505566,0.84,4.91
58,Morang,Sunwarshi Municipality,12889,11401,56169,27092,29077,True,48.23,51.77,0.93,4.926673098850978,4.36,4.93
59,Morang,Uralabari Municipality,17818,5195,71562,33827,37735,True,47.27,52.73,0.9,4.501037801119567,4.02,13.78
60,Sunsari,Barahchhetra Municipality,21961,5195,25508,43178,48713,True,46.99,53.01,0.89,4.421875751888744,1.16,4.91
61,Sunsari,Barju Rural Municipality,8034,6867,36533,18571,17962,True,50.83,49.17,1.03,5.320081549439347,4.55,5.32
62,Sunsari,Bhokraha Narsing Rural Municipality,9299,8155,49371,24501,24870,True,49.63,50.37,0.99,6.0540772532188845,5.31,6.05
63,Sunsari,Dewanganj Rural Municipality,7814,6526,39367,19710,19657,True,50.07,49.93,1.0,6.032332209623046,5.04,6.03
64,Sunsari,Dharan Sub-Metropolitian City,43815,5195,25508,82683,90413,True,47.77,52.23,0.91,4.96916805419992,0.58,4.91
65,Sunsari,Duhabi Municipality,15415,12410,67051,33448,33603,True,49.88,50.12,1.0,5.402981466559226,4.35,5.4
66,Sunsari,Gadhi Rural Municipality,8751,7664,39478,19426,20052,True,49.21,50.79,0.97,5.151096033402923,4.51,5.15
67,Sunsari,Harinagar Rural Municipality,8765,7630,49501,24459,25042,True,49.41,50.59,0.98,6.487680209698558,5.65,6.49
68,Sunsari,Inaruwa Municipality,16931,5195,75920,37273,38647,True,49.1,50.9,0.96,5.046530178144111,4.48,14.61
69,Sunsari,Itahari Sub-Metropolitian City,50743,5195,25508,94308,103790,True,47.61,52.39,0.91,4.926953018131171,0.5,4.91
70,Sunsari,Koshi Rural Municipality,9377,7634,48768,24550,24218,True,50.34,49.66,1.01,6.388263033796175,5.2,6.39
71,Sunsari,Ramdhuni Municipality,15969,14025,63378,29980,33398,True,47.3,52.7,0.9,4.518930481283422,3.97,4.52
72,Dhankuta,Chaubise Rural Municipality,4493,4233,17914,8764,9150,True,48.92,51.08,0.96,4.231986770611859,3.99,4.23
73,Dhankuta,Chhathar Jorpati Rural Municipality,4143,3932,16477,7976,8501,True,48.41,51.59,0.94,4.190488301119023,3.98,4.19
74,Dhankuta,Dhankuta Municipality,9803,8087,36156,17387,18769,True,48.09,51.91,0.93,4.4708791888215655,3.69,4.47
75,Dhankuta,Shahidbhumi Rural Municipality,4109,4079,17784,8807,8977,True,49.52,50.48,0.98,4.359892130424123,4.33,4.36
76,Dhankuta,Mahalaxmi Municipality,5434,5251,22196,10862,11334,True,48.94,51.06,0.96,4.227004380118073,4.08,4.23
77,Dhankuta,Pakhribas Municipality,4881,4644,19256,9247,10009,True,48.02,51.98,0.92,4.146425495262704,3.95,4.15
78,Dhankuta,Sangurigadhi Rural Municipality,5025,4860,19601,9626,9975,True,49.11,50.89,0.97,4.033127572016461,3.9,4.03
79,Terhathum,Aathrai Rural Municipality,4427,4223,18210,8996,9214,True,49.4,50.6,0.98,4.312100402557424,4.11,4.31
80,Terhathum,Chhathar Rural Municipality,3509,3390,14245,6960,7285,True,48.86,51.14,0.96,4.202064896755163,4.06,4.2
81,Terhathum,Laligurans Municipality,3773,3439,15418,7482,7936,True,48.53,51.47,0.94,4.4832800232625765,4.09,4.48
82,Terhathum,Menchayam Rural Municipality,1708,1620,6698,3272,3426,True,48.85,51.15,0.96,4.1345679012345675,3.92,4.13
83,Terhathum,Myanglung Municipality,4934,4163,19078,9347,9731,True,48.99,51.01,0.96,4.582752822483786,3.87,4.58
84,Terhathum,Phedap Rural Municipality,3671,3517,15236,7506,7730,True,49.26,50.74,0.97,4.332101222632926,4.15,4.33
85,Sankhuwasabha,Bhotkhola Rural Municipality,1717,1677,6509,3256,3253,True,50.02,49.98,1.0,3.881335718545021,3.79,3.88
86,Sankhuwasabha,Chainpur Municipality,6690,6201,27078,13210,13868,True,48.78,51.22,0.95,4.366715045960329,4.05,4.37
87,Sankhuwasabha,Chichila Rural Municipality,1672,1583,6720,3351,3369,True,49.87,50.13,0.99,4.245104232469994,4.02,4.25
88,Sankhuwasabha,Dharmadevi Municipality,4071,3906,16300,7890,8410,True,48.4,51.6,0.94,4.173067076292883,4.0,4.17
89,Sankhuwasabha,Khandbari Municipality,9333,8151,36102,17967,18135,True,49.77,50.23,0.99,4.42914979757085,3.87,4.43
90,Sankhuwasabha,Madi Municipality,3288,3169,13428,6584,6844,True,49.03,50.97,0.96,4.237298832439255,4.08,4.24
91,Sankhuwasabha,Makalu Rural Municipality,3485,3309,13492,6920,6572,True,51.29,48.71,1.05,4.077364762768208,3.87,4.08
92,Sankhuwasabha,Panchakhapan Municipality,4010,3897,16391,8060,8331,True,49.17,50.83,0.97,4.206055940467026,4.09,4.21
93,Sankhuwasabha,Sabhapokhari Rural Municipality,2533,2362,10005,5012,4993,True,50.09,49.91,1.0,4.235817104149026,3.95,4.24
94,Sankhuwasabha,Silichong Rural Municipality,2501,2427,10432,5223,5209,True,50.07,49.93,1.0,4.298310671611042,4.17,4.3
95,Bhojpur,Aamchowk Rural Municipality,3566,3472,15237,7517,7720,True,49.33,50.67,0.97,4.388536866359447,4.27,4.39
96,Bhojpur,Arun Rural Municipality,3582,3487,14853,7247,7606,True,48.79,51.21,0.95,4.259535417264124,4.15,4.26
97,Bhojpur,Bhojpur Municipality,6775,6078,26126,12676,13450,True,48.52,51.48,0.94,4.298453438631129,3.86,4.3
98,Bhojpur,Hatuwagadhi Rural Municipality,4040,3987,16302,8030,8272,True,49.26,50.74,0.97,4.088788562829195,4.04,4.09
99,Bhojpur,Pauwadungma Rural Municipality,2933,2866,12170,5851,6319,True,48.08,51.92,0.93,4.246336357292393,4.15,4.25
100,Bhojpur,Ramprasad Rai Rural Municipality,3700,3627,15632,7741,7891,True,49.52,50.48,0.98,4.309897987317342,4.22,4.31
101,Bhojpur,Salpasilichho Rural Municipality,3019,2972,12229,6008,6221,True,49.13,50.87,0.97,4.114737550471063,4.05,4.11
102,Bhojpur,Shadananda Municipality,7450,7139,29777,14681,15096,True,49.3,50.7,0.97,4.1710323574730355,4.0,4.17
103,Bhojpur,Temkemaiyung Rural Municipality,3855,3773,15491,7611,7880,True,49.13,50.87,0.97,4.105751391465677,4.02,4.11
104,Solukhumbu,Thulung Dudhkoshi Rural Municipality,4672,4568,18459,9225,9234,True,49.98,50.02,1.0,4.040936952714536,3.95,4.04
105,Solukhumbu,Maapya Dudhkoshi Rural Municipality,3142,3102,12746,6422,6324,True,50.38,49.62,1.02,4.108961960025789,4.06,4.11
106,Solukhumbu,Khumbupasanglahmu Rural Municipality,2611,2341,9226,4737,4489,True,51.34,48.66,1.06,3.94105083297736,3.53,3.94
107,Solukhumbu,Likhupike Rural Municipality,1255,1255,5264,2588,2676,True,49.16,50.84,0.97,4.1944223107569725,4.19,4.19
108,Solukhumbu,Mahakulung Rural Municipality,2909,2885,11971,5921,6050,True,49.46,50.54,0.98,4.149393414211438,4.12,4.15
109,Solukhumbu,Nechasalyan Rural Municipality,2662,2631,10828,5325,5503,True,49.18,50.82,0.97,4.115545419992398,4.07,4.12
110,Solukhumbu,Solududhakunda Municipality,6830,6335,27013,13700,13313,True,50.72,49.28,1.03,4.264088397790055,3.96,4.26
111,Solukhumbu,Sotang Rural Municipality,2321,2271,9261,4711,4550,True,50.87,49.13,1.04,4.077939233817702,3.99,4.08
112,Okhaldhunga,Champadevi Rural Municipality,4040,3977,16528,8146,8382,True,49.29,50.71,0.97,4.155896404324868,4.09,4.16
113,Okhaldhunga,Chisankhugadhi Rural Municipality,3346,3321,13761,6711,7050,True,48.77,51.23,0.95,4.143631436314363,4.11,4.14
114,Okhaldhunga,Khijidemba Rural Municipality,3496,3461,15867,7926,7941,True,49.95,50.05,1.0,4.584513146489454,4.54,4.58
115,Okhaldhunga,Likhu Rural Municipality,3189,3125,11930,5912,6018,True,49.56,50.44,0.98,3.8176,3.74,3.82
116,Okhaldhunga,Manebhanjyang Rural Municipality,4855,4795,19883,9626,10257,True,48.41,51.59,0.94,4.146611053180396,4.1,4.15
117,Okhaldhunga,Molung Rural Municipality,4173,4116,16944,8464,8480,True,49.95,50.05,1.0,4.11661807580175,4.06,4.12
118,Okhaldhunga,Siddhicharan Municipality,7173,6957,27977,13554,14423,True,48.45,51.55,0.94,4.0214172775621675,3.9,4.02
119,Okhaldhunga,Sunkoshi Rural Municipality,4417,4359,18024,8983,9041,True,49.84,50.16,0.99,4.134893324156916,4.08,4.13
120,Khotang,Ainselukhark Rural Municipality,3506,3421,13581,6713,6868,True,49.43,50.57,0.98,3.9698918444899154,3.87,3.97
121,Khotang,Barahapokhari Rural Municipality,2591,2540,11461,5713,5748,True,49.85,50.15,0.99,4.5122047244094485,4.42,4.51
122,Khotang,Diprung Chuichumma Rural Municipality,3848,3780,16549,8139,8410,True,49.18,50.82,0.97,4.378042328042328,4.3,4.38
123,Khotang,Halesi Tuwachung Municipality,6149,5948,27274,13434,13840,True,49.26,50.74,0.97,4.585406859448554,4.44,4.59
124,Khotang,Jantedhunga Rural Municipality,2765,2713,12066,5934,6132,True,49.18,50.82,0.97,4.4474751197935865,4.36,4.45
125,Khotang,Kepilasagadhi Rural Municipality,3346,3237,13339,6583,6756,True,49.35,50.65,0.97,4.120790855730615,3.99,4.12
126,Khotang,Khotehang Rural Municipality,4149,4056,16952,8417,8535,True,49.65,50.35,0.99,4.17948717948718,4.09,4.18
127,Khotang,Rawa Besi Rural Municipality,2724,2646,11218,5424,5794,True,48.35,51.65,0.94,4.239606953892668,4.12,4.24
128,Khotang,Diktel Rupakot Majhuwagadhi Municipality,10719,9775,43295,21345,21950,True,49.3,50.7,0.97,4.429156010230179,4.04,4.43
129,Khotang,Sakela Rural Municipality,2307,2276,9605,4819,4786,True,50.17,49.83,1.01,4.2201230228471,4.16,4.22
130,Udayapur,Belaka Municipality,12170,11633,51458,24631,26827,True,47.87,52.13,0.92,4.423450528668443,4.23,4.42
131,Udayapur,Chaudandigadhi Municipality,12857,12162,53537,25389,28148,True,47.42,52.58,0.9,4.401989804308502,4.16,4.4
132,Udayapur,Katari Municipality,14296,12843,60168,29250,30918,True,48.61,51.39,0.95,4.684886708712917,4.21,4.68
133,Udayapur,Rautamai Rural Municipality,4586,4434,20418,10017,10401,True,49.06,50.94,0.96,4.604871447902571,4.45,4.6
134,Udayapur,Limchungbung Rural Municipality,2257,2229,9789,4837,4952,True,49.41,50.59,0.98,4.391655450874832,4.34,4.39
135,Udayapur,Tapli Rural Municipality,2884,2843,13377,6648,6729,True,49.7,50.3,0.99,4.705240942666197,4.64,4.71
136,Udayapur,Triyuga Municipality,25928,5195,25508,49514,54861,True,47.44,52.56,0.9,4.510977612585357,0.98,4.91
137,Udayapur,Udayapurgadhi Rural Municipality,6810,6650,28929,14093,14836,True,48.72,51.28,0.95,4.350225563909774,4.25,4.35
138,Saptari,Agnisair Krishna Savaran Rural Municipality,6726,6092,32047,15735,16312,True,49.1,50.9,0.96,5.260505581089954,4.76,5.26
139,Saptari,Balan Bihul Rural Municipality,5004,3770,24059,12169,11890,True,50.58,49.42,1.02,6.381697612732095,4.81,6.38
140,Saptari,Rajgadh Rural Municipality,6942,5687,32975,16564,16411,True,50.23,49.77,1.01,5.798311939511166,4.75,5.8
141,Saptari,Bishnupur Rural Municipality,5780,5007,28072,14230,13842,True,50.69,49.31,1.03,5.606550828839625,4.86,5.61
142,Saptari,Bode Barsain Municipality,9854,7988,46343,23092,23251,True,49.83,50.17,0.99,5.801577366049074,4.7,5.8
143,Saptari,Chhinnamasta Rural Municipality,6373,4747,30664,15416,15248,True,50.27,49.73,1.01,6.45965873183063,4.81,6.46
144,Saptari,Dakneshwori Municipality,10094,7954,48314,24055,24259,True,49.79,50.21,0.99,6.074176514961026,4.79,6.07
145,Saptari,Hanumannagar Kankalini Municipality,11130,8680,51926,26330,25596,True,50.71,49.29,1.03,5.982258064516129,4.67,5.98
146,Saptari,Kanchanrup Municipality,12662,10277,58882,28949,29933,True,49.16,50.84,0.97,5.729493042716746,4.65,5.73
147,Saptari,Khadak Municipality,11355,9432,54193,26139,28054,True,48.23,51.77,0.93,5.745653095843935,4.77,5.75
148,Saptari,Mahadeva Rural Municipality,6522,5322,31048,15737,15311,True,50.69,49.31,1.03,5.833897031191282,4.76,5.83
149,Saptari,Rajbiraj Municipality,15121,13062,71946,36942,35004,True,51.35,48.65,1.06,5.508038585209003,4.76,5.51
150,Saptari,Rupani Rural Municipality,6963,5801,30064,14806,15258,True,49.25,50.75,0.97,5.182554731942768,4.32,5.18
151,Saptari,Saptakoshi Rural Municipality,5305,4624,23891,11632,12259,True,48.69,51.31,0.95,5.16673875432526,4.5,5.17
152,Saptari,Shambhunath Municipality,8824,7388,39423,18943,20480,True,48.05,51.95,0.92,5.336085544125609,4.47,5.34
153,Saptari,Surunga Municipality,10611,8979,49668,23899,25769,True,48.12,51.88,0.93,5.531573671901103,4.68,5.53
154,Saptari,Tilathi Koiladi Rural Municipality,6874,5366,34257,17459,16798,True,50.96,49.04,1.04,6.384084979500559,4.98,6.38
155,Saptari,Tirahut Rural Municipality,5151,4148,23987,12086,11901,True,50.39,49.61,1.02,5.782786885245901,4.66,5.78
156,Siraha,Arnama Rural Municipality,5208,4231,28137,13741,14396,True,48.84,51.16,0.95,6.650200898132829,5.4,6.65
157,Siraha,Aurahi Rural Municipality,5891,4092,27194,13669,13525,True,50.26,49.74,1.01,6.645650048875855,4.62,6.65
158,Siraha,Bariyarpatti Rural Municipality,5965,4475,29859,14876,14983,True,49.82,50.18,0.99,6.672402234636872,5.01,6.67
159,Siraha,Bhagawanpur Rural Municipality,4650,3553,23324,11544,11780,True,49.49,50.51,0.98,6.564593301435407,5.02,6.56
160,Siraha,Bishnupur Rural Municipality,4870,3821,22796,11303,11493,True,49.58,50.42,0.98,5.965977492802931,4.68,5.97
161,Siraha,Dhangadhimai Municipality,11133,9657,54244,26617,27627,True,49.07,50.93,0.96,5.617065341203272,4.87,5.62
162,Siraha,Golbazar Municipality,13214,10853,65263,32258,33005,True,49.43,50.57,0.98,6.013360361190454,4.94,6.01
163,Siraha,Kalyanpur Municipality,12491,9869,59986,28789,31197,True,47.99,52.01,0.92,6.0782247441483435,4.8,6.08
164,Siraha,Karjanha Municipality,8440,6696,38940,18965,19975,True,48.7,51.3,0.95,5.815412186379929,4.61,5.82
165,Siraha,Lahan Municipality,21488,5195,25508,51063,51892,True,49.6,50.4,0.98,5.773609241812472,1.19,4.91
166,Siraha,Laxmipur Patari Rural Municipality,6666,5235,31103,14912,16191,True,47.94,52.06,0.92,5.941356255969437,4.67,5.94
167,Siraha,Mirchaiya Municipality,12905,10496,60086,30054,30032,True,50.02,49.98,1.0,5.724657012195122,4.66,5.72
168,Siraha,Naraha Rural Municipality,4419,3787,23656,12319,11337,True,52.08,47.92,1.09,6.246633218906786,5.35,6.25
169,Siraha,Nawarajpur Rural Municipality,4268,3214,20832,10214,10618,True,49.03,50.97,0.96,6.481642812694462,4.88,6.48
170,Siraha,Sakhuwanankarkatti Rural Municipality,4263,3223,20951,10230,10721,True,48.83,51.17,0.95,6.500465404902265,4.91,6.5
171,Siraha,Siraha Municipality,19810,5195,25508,47306,49237,True,49.0,51.0,0.96,6.30587851077727,1.29,4.91
172,Siraha,Sukhipur Municipality,8912,7192,42547,21189,21358,True,49.8,50.2,0.99,5.915878754171302,4.77,5.92
173,Dhanusa,Aaurahi Rural Municipality,4846,4036,24338,11773,12565,True,48.37,51.63,0.94,6.030227948463826,5.02,6.03
174,Dhanusa,Bateshwor Rural Municipality,4766,3903,21473,10670,10803,True,49.69,50.31,0.99,5.50166538560082,4.51,5.5
175,Dhanusa,Bideha Municipality,7764,6156,37881,18446,19435,True,48.69,51.31,0.95,6.1535087719298245,4.88,6.15
176,Dhanusa,Chhireshwornath Municipality,10826,8913,53031,26708,26323,True,50.36,49.64,1.01,5.949848535846517,4.9,5.95
177,Dhanusa,Dhanauji Rural Municipality,4683,3704,21960,10481,11479,True,47.73,52.27,0.91,5.928725701943844,4.69,5.93
178,Dhanusa,Dhanusadham Municipality,10959,9216,53035,26337,26698,True,49.66,50.34,0.99,5.754665798611111,4.84,5.75
179,Dhanusa,Ganeshman Charnath Municipality,9400,8139,44900,21982,22918,True,48.96,51.04,0.96,5.516648236884138,4.78,5.52
180,Dhanusa,Hansapur Municipality,8958,7336,44929,21997,22932,True,48.96,51.04,0.96,6.124454743729553,5.02,6.12
181,Dhanusa,Janaknandani Rural Municipality,5627,4480,28267,13556,14711,True,47.96,52.04,0.92,6.309598214285714,5.02,6.31
182,Dhanusa,Janakpurdham Sub-Metropolitian City,41941,5195,25508,100417,95021,True,51.38,48.62,1.06,5.992824727094321,0.61,4.91
183,Dhanusa,Kamala Municipality,9160,7332,45477,22103,23374,True,48.6,51.4,0.95,6.20253682487725,4.96,6.2
184,Dhanusa,Lakshminiya Rural Municipality,6609,5409,33212,16161,17051,True,48.66,51.34,0.95,6.1401368090220005,5.03,6.14
185,Dhanusa,Mithila Bihari Municipality,7651,6094,38008,18830,19178,True,49.54,50.46,0.98,6.236954381358713,4.97,6.24
186,Dhanusa,Mithila Municipality,10522,9159,47408,23715,23693,True,50.02,49.98,1.0,5.1761109291407355,4.51,5.18
187,Dhanusa,Mukhiyapatti Musarmiya Rural Municipality,5585,4467,29351,14937,14414,True,50.89,49.11,1.04,6.5706290575330195,5.26,6.57
188,Dhanusa,Nagarain Municipality,7962,6426,37949,18682,19267,True,49.23,50.77,0.97,5.905539993775288,4.77,5.91
189,Dhanusa,Sabaila Municipality,12279,10144,62510,30630,31880,True,49.0,51.0,0.96,6.162263406940063,5.09,6.16
190,Dhanusa,Sahidnagar Municipality,11288,8944,53546,26387,27159,True,49.28,50.72,0.97,5.986806797853309,4.74,5.99
191,Mahottari,Aurahi Municipality,7841,6376,40834,20496,20338,True,50.19,49.81,1.01,6.404328732747804,5.21,6.4
192,Mahottari,Balwa Municipality,10052,8139,50031,24606,25425,True,49.18,50.82,0.97,6.147069664577958,4.98,6.15
193,Mahottari,Bardibas Municipality,15938,13635,68353,34179,34174,True,50.0,50.0,1.0,5.013054638797213,4.29,5.01
194,Mahottari,Bhangaha Municipality,11336,9017,56570,27508,29062,True,48.63,51.37,0.95,6.273705223466785,4.99,6.27
195,Mahottari,Ekdanra Rural Municipality,6000,4735,32060,16099,15961,True,50.22,49.78,1.01,6.770855332629356,5.34,6.77
196,Mahottari,Gaushala Municipality,16090,13367,73008,36367,36641,True,49.81,50.19,0.99,5.4618089324455745,4.54,5.46
197,Mahottari,Jaleswor Municipality,13685,10607,63501,31620,31881,True,49.79,50.21,0.99,5.986706891675309,4.64,5.99
198,Mahottari,Loharpatti Municipality,9627,7658,46336,22359,23977,True,48.25,51.75,0.93,6.050665970227214,4.81,6.05
199,Mahottari,Mahottari Rural Municipality,6845,5430,32652,16211,16441,True,49.65,50.35,0.99,6.0132596685082875,4.77,6.01
200,Mahottari,Manra Siswa Municipality,9343,7691,49126,24418,24708,True,49.7,50.3,0.99,6.387465869197763,5.26,6.39
201,Mahottari,Matihani Municipality,7356,5748,36063,17620,18443,True,48.86,51.14,0.96,6.274008350730689,4.9,6.27
202,Mahottari,Pipra Rural Municipality,8514,6459,39500,19764,19736,True,50.04,49.96,1.0,6.115497755070444,4.64,6.12
203,Mahottari,Ramgopalpur Municipality,6921,5630,36594,18240,18354,True,49.84,50.16,0.99,6.499822380106572,5.29,6.5
204,Mahottari,Samsi Rural Municipality,7100,5478,38676,18818,19858,True,48.66,51.34,0.95,7.0602409638554215,5.45,7.06
205,Mahottari,Sonama Rural Municipality,9252,7524,51736,26647,25089,True,51.51,48.49,1.06,6.876129718234981,5.59,6.88
206,Sarlahi,Bagmati Municipality,10785,9960,45459,22454,23005,True,49.39,50.61,0.98,4.5641566265060245,4.22,4.56
207,Sarlahi,Balara Municipality,9118,6760,47602,24635,22967,True,51.75,48.25,1.07,7.041715976331361,5.22,7.04
208,Sarlahi,Barahathawa Municipality,16257,13540,83257,42271,40986,True,50.77,49.23,1.03,6.148966026587888,5.12,6.15
209,Sarlahi,Basbariya Rural Municipality,4675,3908,26406,13495,12911,True,51.11,48.89,1.05,6.756908904810645,5.65,6.76
210,Sarlahi,Bishnu Rural Municipality,4784,3587,25870,13350,12520,True,51.6,48.4,1.07,7.212155004181768,5.41,7.21
211,Sarlahi,Bramhapuri Rural Municipality,5383,4048,27878,13831,14047,True,49.61,50.39,0.98,6.886857707509882,5.18,6.89
212,Sarlahi,Chakraghatta Rural Municipality,5041,4150,29166,15057,14109,True,51.63,48.37,1.07,7.0279518072289155,5.79,7.03
213,Sarlahi,Chandranagar Rural Municipality,6808,5320,37517,19111,18406,True,50.94,49.06,1.04,7.052067669172932,5.51,7.05
214,Sarlahi,Dhankaul Rural Municipality,5121,4077,28500,14688,13812,True,51.54,48.46,1.06,6.990434142752023,5.57,6.99
215,Sarlahi,Godaita Municipality,9510,7919,54346,27841,26505,True,51.23,48.77,1.05,6.862735193837605,5.71,6.86
216,Sarlahi,Haripur Municipality,8445,7041,43609,21546,22063,True,49.41,50.59,0.98,6.193580457321403,5.16,6.19
217,Sarlahi,Haripurwa Municipality,6854,5210,36523,18469,18054,True,50.57,49.43,1.02,7.0101727447216895,5.33,7.01
218,Sarlahi,Hariwan Municipality,11120,9984,51333,25283,26050,True,49.25,50.75,0.97,5.1415264423076925,4.62,5.14
219,Sarlahi,Ishworpur Municipality,13776,11907,68626,34124,34502,True,49.72,50.28,0.99,5.763500461913161,4.98,5.76
220,Sarlahi,Kabilasi Municipality,8150,6702,44688,22487,22201,True,50.32,49.68,1.01,6.667860340196956,5.48,6.67
221,Sarlahi,Kaudena Rural Municipality,5805,4478,29226,14638,14588,True,50.09,49.91,1.0,6.5265743635551585,5.03,6.53
222,Sarlahi,Lalbandi Municipality,15960,13905,67507,33555,33952,True,49.71,50.29,0.99,4.854872348076231,4.23,4.85
223,Sarlahi,Malangawa Municipality,10305,7918,53204,27167,26037,True,51.06,48.94,1.04,6.719373579186663,5.16,6.72
224,Sarlahi,Parsa Rural Municipality,4656,3625,24039,12262,11777,True,51.01,48.99,1.04,6.631448275862069,5.16,6.63
225,Sarlahi,Ramnagar Rural Municipality,5853,4373,31687,16335,15352,True,51.55,48.45,1.06,7.24605533958381,5.41,7.25
226,Rautahat,Baudhimai Municipality,6091,4899,39348,20260,19088,True,51.49,48.51,1.06,8.031843233312921,6.46,8.03
227,Rautahat,Brindaban Municipality,8237,6751,50144,24994,25150,True,49.84,50.16,0.99,7.427640349577841,6.09,7.43
228,Rautahat,Chandrapur Municipality,17237,5195,83350,41245,42105,True,49.48,50.52,0.98,5.544100039909538,4.84,16.04
229,Rautahat,Dewahhi Gonahi Municipality,6340,4990,38808,19561,19247,True,50.4,49.6,1.02,7.777154308617234,6.12,7.78
230,Rautahat,Durga Bhagwati Rural Municipality,4136,3369,23226,11809,11417,True,50.84,49.16,1.03,6.8940338379341055,5.62,6.89
231,Rautahat,Gadhimai Municipality,7850,6306,49642,25191,24451,True,50.75,49.25,1.03,7.872185220424992,6.32,7.87
232,Rautahat,Garuda Municipality,9765,7796,60009,30685,29324,True,51.13,48.87,1.05,7.697408927655208,6.15,7.7
233,Rautahat,Gaur Municipality,7743,6062,40368,20655,19713,True,51.17,48.83,1.05,6.659188386671065,5.21,6.66
234,Rautahat,Gujara Municipality,9682,7989,54089,26391,27698,True,48.79,51.21,0.95,6.770434347227438,5.59,6.77
235,Rautahat,Ishanath Municipality,8084,6289,53402,26821,26581,True,50.22,49.78,1.01,8.491334075369693,6.61,8.49
236,Rautahat,Katahariya Municipality,7789,5933,47455,24148,23307,True,50.89,49.11,1.04,7.998483060846115,6.09,8.0
237,Rautahat,Madhav Narayan Municipality,7081,5575,40974,20953,20021,True,51.14,48.86,1.05,7.349596412556054,5.79,7.35
238,Rautahat,Maulapur Municipality,5428,4164,32468,16702,15766,True,51.44,48.56,1.06,7.79731027857829,5.98,7.8
239,Rautahat,Paroha Municipality,7214,5656,46749,23068,23681,True,49.34,50.66,0.97,8.265381895332391,6.48,8.27
240,Rautahat,Phatuwa Bijayapur Municipality,7777,6323,44358,21882,22476,True,49.33,50.67,0.97,7.015340819231377,5.7,7.02
241,Rautahat,Rajdevi Municipality,5919,4600,33836,16923,16913,True,50.01,49.99,1.0,7.355652173913043,5.72,7.36
242,Rautahat,Rajpur Municipality,8254,6205,54372,26939,27433,True,49.55,50.45,0.98,8.762610797743754,6.59,8.76
243,Rautahat,Yemunamai Rural Municipality,4728,3622,28607,14042,14565,True,49.09,50.91,0.96,7.89812258420762,6.05,7.9
244,Bara,Adarshkotwal Rural Municipality,5196,4217,29586,15141,14445,True,51.18,48.82,1.05,7.0158880720891625,5.69,7.02
245,Bara,Baragadhi Rural Municipality,5118,4071,29836,15164,14672,True,50.82,49.18,1.03,7.3289118152788015,5.83,7.33
246,Bara,Bishrampur Rural Municipality,4310,3678,23891,12535,11356,True,52.47,47.53,1.1,6.495649809679174,5.54,6.5
247,Bara,Devtal Rural Municipality,3936,3143,25082,13388,11694,True,53.38,46.62,1.14,7.980273623926185,6.37,7.98
248,Bara,Jitpur Simara Sub-Metropolitian City,23677,5195,25508,60461,58687,True,50.74,49.26,1.03,6.003022974607013,1.08,4.91
249,Bara,Kalaiya Sub-Metropolitian City,23760,5195,25508,72540,68639,True,51.38,48.62,1.06,7.126653205451792,1.07,4.91
250,Bara,Karaiyamai Rural Municipality,5154,4026,29045,14583,14462,True,50.21,49.79,1.01,7.214356681569797,5.64,7.21
251,Bara,Kolhabi Municipality,11495,9728,46200,22362,23838,True,48.4,51.6,0.94,4.749177631578948,4.02,4.75
252,Bara,Mahagadhimai Municipality,9952,8020,59744,30717,29027,True,51.41,48.59,1.06,7.4493765586034915,6.0,7.45
253,Bara,Nijgadh Municipality,8455,7931,36591,18006,18585,True,49.21,50.79,0.97,4.6136678855125455,4.33,4.61
254,Bara,Pacharauta Municipality,6402,5128,40252,20468,19784,True,50.85,49.15,1.03,7.849453978159127,6.29,7.85
255,Bara,Parwanipur Rural Municipality,3664,2975,22466,11767,10699,True,52.38,47.62,1.1,7.551596638655462,6.13,7.55
256,Bara,Pheta Rural Municipality,5195,4414,28922,14888,14034,True,51.48,48.52,1.06,6.55233348436792,5.57,6.55
257,Bara,Prasauni Rural Municipality,3400,2924,21747,11146,10601,True,51.25,48.75,1.05,7.437414500683994,6.4,7.44
258,Bara,Simraungadh Municipality,9064,7645,53103,27378,25725,True,51.56,48.44,1.06,6.946108567691302,5.86,6.95
259,Bara,Suwarna Rural Municipality,5584,4743,35875,18528,17347,True,51.65,48.35,1.07,7.563778199451824,6.42,7.56
260,Parsa,Bahudaramai Municipality,7058,5721,43780,22801,20979,True,52.08,47.92,1.09,7.652508302744275,6.2,7.65
261,Parsa,Bindabasini Rural Municipality,3832,3210,24466,12637,11829,True,51.65,48.35,1.07,7.621806853582554,6.38,7.62
262,Parsa,Birgunj Metropolitian City,47218,5195,25508,139849,128424,True,52.13,47.87,1.09,7.310488595798022,0.54,4.91
263,Parsa,Chhipaharmai Rural Municipality,4316,3698,26742,13732,13010,True,51.35,48.65,1.06,7.231476473769606,6.2,7.23
264,Parsa,Dhobini Rural Municipality,3585,3063,22846,11803,11043,True,51.66,48.34,1.07,7.458700620306889,6.37,7.46
265,Parsa,Jagarnathpur Rural Municipality,5846,4960,32737,16537,16200,True,50.51,49.49,1.02,6.600201612903226,5.6,6.6
266,Parsa,Jirabhawani Rural Municipality,5287,4280,22602,11200,11402,True,49.55,50.45,0.98,5.280841121495327,4.28,5.28
267,Parsa,Kalikamai Rural Municipality,3788,3099,23740,12232,11508,True,51.52,48.48,1.06,7.6605356566634395,6.27,7.66
268,Parsa,Pakahamainpur Rural Municipality,3825,3406,22957,12073,10884,True,52.59,47.41,1.11,6.740164415736935,6.0,6.74
269,Parsa,Parsagadhi Municipality,8002,6653,41477,21023,20454,True,50.69,49.31,1.03,6.234330377273411,5.18,6.23
270,Parsa,Paterwasugauli Rural Municipality,4850,3851,25508,12866,12642,True,50.44,49.56,1.02,6.623734095040249,5.26,6.62
271,Parsa,Pokhariya Municipality,6614,5504,38985,20285,18700,True,52.03,47.97,1.08,7.083030523255814,5.89,7.08
272,Parsa,SakhuwaPrasauni Rural Municipality,6382,5244,35712,17890,17822,True,50.1,49.9,1.0,6.810068649885584,5.6,6.81
273,Parsa,Thori Rural Municipality,4546,4333,17494,8346,9148,True,47.71,52.29,0.91,4.037387491345488,3.85,4.04
274,Sindhuli,Dudhouli Municipality,16231,14869,70679,34227,36452,True,48.43,51.57,0.94,4.753446768444414,4.35,4.75
275,Sindhuli,Ghanglekh Rural Municipality,2875,2801,12701,6214,6487,True,48.93,51.07,0.96,4.534451981435201,4.42,4.53
276,Sindhuli,Golanjor Rural Municipality,4537,4340,19012,9296,9716,True,48.9,51.1,0.96,4.380645161290323,4.19,4.38
277,Sindhuli,Hariharpurgadhi Rural Municipality,5298,5199,26829,13132,13697,True,48.95,51.05,0.96,5.160415464512406,5.06,5.16
278,Sindhuli,Kamalamai Municipality,18238,5195,71811,34922,36889,True,48.63,51.37,0.95,4.5127254446050395,3.94,13.82
279,Sindhuli,Marin Rural Municipality,6089,5843,28988,14277,14711,True,49.25,50.75,0.97,4.961150094129728,4.76,4.96
280,Sindhuli,Phikkal Rural Municipality,3091,3039,14359,7058,7301,True,49.15,50.85,0.97,4.724909509707141,4.65,4.72
281,Sindhuli,Sunkoshi Rural Municipality,5075,4920,18136,8772,9364,True,48.37,51.63,0.94,3.6861788617886178,3.57,3.69
282,Sindhuli,Tinpatan Rural Municipality,7939,7669,35145,17429,17716,True,49.59,50.41,0.98,4.582735689138088,4.43,4.58
283,Ramechhap,Doramba Rural Municipality,5036,4928,17529,8129,9400,True,46.37,53.63,0.86,3.557021103896104,3.48,3.56
284,Ramechhap,Gokulganga Rural Municipality,4897,4773,18363,8826,9537,True,48.06,51.94,0.93,3.8472658705216847,3.75,3.85
285,Ramechhap,Khadadevi Rural Municipality,5507,5392,19381,9174,10207,True,47.34,52.66,0.9,3.5943991097922847,3.52,3.59
286,Ramechhap,Likhu Tamakoshi Rural Municipality,5310,5149,18675,8702,9973,True,46.6,53.4,0.87,3.6269178481258497,3.52,3.63
287,Ramechhap,Manthali Municipality,11105,10212,40230,18967,21263,True,47.15,52.85,0.89,3.9394829612220916,3.62,3.94
288,Ramechhap,Ramechhap Municipality,6663,6456,25117,11829,13288,True,47.1,52.9,0.89,3.89048946716233,3.77,3.89
289,Ramechhap,Sunapati Rural Municipality,4201,4100,14616,6932,7684,True,47.43,52.57,0.9,3.564878048780488,3.48,3.56
290,Ramechhap,Umakunda Rural Municipality,4216,4063,16709,8219,8490,True,49.19,50.81,0.97,4.112478464189023,3.96,4.11
291,Dolakha,Baiteshwor Rural Municipality,5412,5212,17947,8613,9334,True,47.99,52.01,0.92,3.443399846508058,3.32,3.44
292,Dolakha,Bhimeshwor Municipality,10265,9049,35122,16895,18227,True,48.1,51.9,0.93,3.8813128522488674,3.42,3.88
293,Dolakha,Bigu Rural Municipality,5055,4805,16299,7853,8446,True,48.18,51.82,0.93,3.392091571279917,3.22,3.39
294,Dolakha,Gaurishankar Rural Municipality,4667,4612,15982,7889,8093,True,49.36,50.64,0.97,3.4653078924544665,3.42,3.47
295,Dolakha,Jiri Municipality,4102,3959,15500,7530,7970,True,48.58,51.42,0.94,3.9151300833543825,3.78,3.92
296,Dolakha,Kalinchok Rural Municipality,6268,6046,21210,10354,10856,True,48.82,51.18,0.95,3.5081045319219317,3.38,3.51
297,Dolakha,Melung Rural Municipality,4877,4759,16051,7571,8480,True,47.17,52.83,0.89,3.372767388106745,3.29,3.37
298,Dolakha,Sailung Rural Municipality,5248,5088,18328,9048,9280,True,49.37,50.63,0.98,3.602201257861635,3.49,3.6
299,Dolakha,Tamakoshi Rural Municipality,4759,4317,15237,7369,7868,True,48.36,51.64,0.94,3.5295343988881167,3.2,3.53
300,Sindhupalchok,Barhabise Municipality,6994,6677,24158,11980,12178,True,49.59,50.41,0.98,3.6180919574659276,3.45,3.62
301,Sindhupalchok,Balefi Rural Municipality,4730,4467,16465,8062,8403,True,48.96,51.04,0.96,3.685918961271547,3.48,3.69
302,Sindhupalchok,Bhotekoshi Rural Municipality,3769,3622,14239,7259,6980,True,50.98,49.02,1.04,3.931253451131971,3.78,3.93
303,Sindhupalchok,Chautara SangachokGadhi Municipality,11936,11111,42962,20356,22606,True,47.38,52.62,0.9,3.8666186661866617,3.6,3.87
304,Sindhupalchok,Helambu Rural Municipality,4755,4589,17723,8907,8816,True,50.26,49.74,1.01,3.862061451296579,3.73,3.86
305,Sindhupalchok,Indrawati Rural Municipality,6812,6584,25518,12114,13404,True,47.47,52.53,0.9,3.8757594167679223,3.75,3.88
306,Sindhupalchok,Jugal Rural Municipality,4698,4549,19148,9657,9491,True,50.43,49.57,1.02,4.209276764123984,4.08,4.21
307,Sindhupalchok,Lisangkhu Pakhar Rural Municipality,3746,3605,11560,5713,5847,True,49.42,50.58,0.98,3.206657420249653,3.09,3.21
308,Sindhupalchok,Melamchi Municipality,11349,10811,41170,20073,21097,True,48.76,51.24,0.95,3.8081583572287485,3.63,3.81
309,Sindhupalchok,Panchpokhari Thangpal Rural Municipality,5917,5634,20978,10596,10382,True,50.51,49.49,1.02,3.7234646787362444,3.55,3.72
310,Sindhupalchok,Sunkoshi Rural Municipality,4597,4509,15307,7376,7931,True,48.19,51.81,0.93,3.3947660235085384,3.33,3.39
311,Sindhupalchok,Tripurasundari Rural Municipality,3653,3551,12194,5972,6222,True,48.97,51.03,0.96,3.4339622641509435,3.34,3.43
312,Kavrepalanchok,Banepa Municipality,16973,12545,67629,33180,34449,True,49.06,50.94,0.96,5.390912714228777,3.98,5.39
313,Kavrepalanchok,Bethanchowk Rural Municipality,3900,3730,14996,7229,7767,True,48.21,51.79,0.93,4.020375335120644,3.85,4.02
314,Kavrepalanchok,Bhumlu Rural Municipality,4524,4407,15858,7607,8251,True,47.97,52.03,0.92,3.5983662355343773,3.51,3.6
315,Kavrepalanchok,Chaurideurali Rural Municipality,4181,4084,14106,6668,7438,True,47.27,52.73,0.9,3.453966699314398,3.37,3.45
316,Kavrepalanchok,Dhulikhel Municipality,8808,7309,36183,18501,17682,True,51.13,48.87,1.05,4.950472020796279,4.11,4.95
317,Kavrepalanchok,Khanikhola Rural Municipality,2484,2455,12375,6131,6244,True,49.54,50.46,0.98,5.040733197556008,4.98,5.04
318,Kavrepalanchok,Mahabharat Rural Municipality,3327,3297,16148,7933,8215,True,49.13,50.87,0.97,4.897785865938732,4.85,4.9
319,Kavrepalanchok,Mandandeupur Municipality,8220,7861,31261,15335,15926,True,49.05,50.95,0.96,3.9767205190179364,3.8,3.98
320,Kavrepalanchok,Namobuddha Municipality,7406,6988,26280,12579,13701,True,47.87,52.13,0.92,3.7607326846021754,3.55,3.76
321,Kavrepalanchok,Panauti Municipality,12986,11555,52078,25457,26621,True,48.88,51.12,0.96,4.506966681090437,4.01,4.51
322,Kavrepalanchok,Panchkhal Municipality,9295,8783,35992,17471,18521,True,48.54,51.46,0.94,4.0979164294660135,3.87,4.1
323,Kavrepalanchok,Roshi Rural Municipality,6148,6039,23551,11458,12093,True,48.65,51.35,0.95,3.8998178506375227,3.83,3.9
324,Kavrepalanchok,Temal Rural Municipality,4930,4872,16959,8197,8762,True,48.33,51.67,0.94,3.480911330049261,3.44,3.48
325,Lalitpur,Bagmati Rural Municipality,2800,2735,11196,5637,5559,True,50.35,49.65,1.01,4.093601462522852,4.0,4.09
326,Lalitpur,Godawari Municipality,24771,5195,25508,49707,51265,True,49.23,50.77,0.97,4.815987789754841,1.03,4.91
327,Lalitpur,Konjyosom Rural Municipality,2176,2148,9042,4499,4543,True,49.76,50.24,0.99,4.209497206703911,4.16,4.21
328,Lalitpur,Lalitpur Metropolitian City,77872,5195,25508,150702,149141,True,50.26,49.74,1.01,6.113754995514232,0.33,4.91
329,Lalitpur,Mahalaxmi Municipality,31509,5195,25508,60388,58322,True,50.87,49.13,1.04,5.746163899511109,0.81,4.91
330,Lalitpur,Mahankal Rural Municipality,1878,1836,7861,3913,3948,True,49.78,50.22,0.99,4.281590413943355,4.19,4.28
331,Bhaktapur,Bhaktapur Municipality,18854,12200,78854,39664,39190,True,50.3,49.7,1.01,6.4634426229508195,4.18,6.46
332,Bhaktapur,Changunarayan Municipality,21946,5195,25508,44073,44539,True,49.74,50.26,0.99,5.100558337650377,1.16,4.91
333,Bhaktapur,Madhyapur Thimi Municipality,31768,5195,25508,60954,59001,True,50.81,49.19,1.03,6.80055558705142,0.8,4.91
334,Bhaktapur,Suryabinayak Municipality,35885,5195,25508,68971,69000,True,49.99,50.01,1.0,5.837077463299065,0.71,4.91
335,Kathmandu,Budhanilakantha Municipality,47169,5195,25508,89284,90404,True,49.69,50.31,0.99,6.67736900780379,0.54,4.91
336,Kathmandu,Chandragiri Municipality,36012,5195,25508,68350,68578,True,49.92,50.08,1.0,6.204259175351155,0.71,4.91
337,Kathmandu,Dakshinkali Municipality,6527,5568,26744,13179,13565,True,49.28,50.72,0.97,4.80316091954023,4.1,4.8
338,Kathmandu,Gokarneshwor Municipality,40114,5195,25508,74453,76747,True,49.24,50.76,0.97,7.917059377945335,0.64,4.91
339,Kathmandu,Kageshwori Manahora Municipality,34794,5195,25508,66138,67189,True,49.61,50.39,0.98,6.340450827468138,0.73,4.91
340,Kathmandu,Kathmandu Metropolitian City,231714,5195,25508,431501,414266,True,51.02,48.98,1.04,8.00544255033176,0.11,4.91
341,Kathmandu,Kirtipur Municipality,24211,12676,81782,43378,38404,True,53.04,46.96,1.13,6.451719785421268,3.38,6.45
342,Kathmandu,Nagarjun Municipality,31323,5195,25508,57631,57876,True,49.89,50.11,1.0,6.613248597274705,0.81,4.91
343,Kathmandu,Shankharapur Municipality,7275,6479,30414,15188,15226,True,49.94,50.06,1.0,4.694242938725112,4.18,4.69
344,Kathmandu,Tarakeshwor Municipality,41364,5195,25508,75300,76208,True,49.7,50.3,0.99,7.006798316607316,0.62,4.91
345,Kathmandu,Tokha Municipality,37413,5195,25508,67396,68345,True,49.65,50.35,0.99,7.874064620917687,0.68,4.91
346,Nuwakot,Belkotgadhi Municipality,9464,9244,35200,17139,18061,True,48.69,51.31,0.95,3.8078753786239723,3.72,3.81
347,Nuwakot,Bidur Municipality,15604,13911,60111,29043,31068,True,48.32,51.68,0.93,4.321112788440802,3.85,4.32
348,Nuwakot,Dupcheshwar Rural Municipality,5195,5023,21019,10473,10546,True,49.83,50.17,0.99,4.184551065100537,4.05,4.18
349,Nuwakot,Kakani Rural Municipality,6388,6012,24323,11969,12354,True,49.21,50.79,0.97,4.045741849634065,3.81,4.05
350,Nuwakot,Kispang Rural Municipality,3969,3853,14122,6920,7202,True,49.0,51.0,0.96,3.6651959512068517,3.56,3.67
351,Nuwakot,Likhu Rural Municipality,4604,4374,17737,8646,9091,True,48.75,51.25,0.95,4.055098308184728,3.85,4.06
352,Nuwakot,Myagang Rural Municipality,3755,3595,12417,6086,6331,True,49.01,50.99,0.96,3.453963838664812,3.31,3.45
353,Nuwakot,Panchakanya Rural Municipality,3629,3539,13864,6771,7093,True,48.84,51.16,0.95,3.9174908166148628,3.82,3.92
354,Nuwakot,Shivapuri Rural Municipality,4877,4795,16979,8115,8864,True,47.79,52.21,0.92,3.5409801876955163,3.48,3.54
355,Nuwakot,Suryagadhi Rural Municipality,3842,3776,14929,7256,7673,True,48.6,51.4,0.95,3.953654661016949,3.89,3.95
356,Nuwakot,Tadi Rural Municipality,4031,3867,16055,7911,8144,True,49.27,50.73,0.97,4.151797258856995,3.98,4.15
357,Nuwakot,Tarkeshwar Rural Municipality,3792,3735,14164,6670,7494,True,47.09,52.91,0.89,3.792235609103079,3.74,3.79
358,Rasuwa,Gosaikunda Rural Municipality,2477,2149,8043,4071,3972,True,50.62,49.38,1.02,3.742671009771987,3.25,3.74
359,Rasuwa,Kalika Rural Municipality,2474,2412,10172,5011,5161,True,49.26,50.74,0.97,4.217247097844113,4.11,4.22
360,Rasuwa,Naukunda Rural Municipality,2899,2878,12095,6059,6036,True,50.1,49.9,1.0,4.2025712300208475,4.17,4.2
361,Rasuwa,Amachodingmo Rural Municipality,1727,1688,6673,3486,3187,True,52.24,47.76,1.09,3.9531990521327014,3.86,3.95
362,Rasuwa,Uttargaya Rural Municipality,2264,2235,8571,4232,4339,True,49.38,50.62,0.98,3.8348993288590605,3.79,3.83
363,Dhading,Benighat Rorang Rural Municipality,7791,6979,34473,17542,16931,True,50.89,49.11,1.04,4.939532884367388,4.42,4.94
364,Dhading,Dhunibesi Municipality,7235,6777,29126,14411,14715,True,49.48,50.52,0.98,4.297771875461119,4.03,4.3
365,Dhading,Gajuri Rural Municipality,6909,6306,28756,14471,14285,True,50.32,49.68,1.01,4.560101490643831,4.16,4.56
366,Dhading,Galchi Rural Municipality,6212,5783,24206,11875,12331,True,49.06,50.94,0.96,4.185716756008992,3.9,4.19
367,Dhading,Gangajamuna Rural Municipality,5305,5183,19460,9494,9966,True,48.79,51.21,0.95,3.7545822882500484,3.67,3.75
368,Dhading,Jwalamukhi Rural Municipality,6116,5972,21202,9898,11304,True,46.68,53.32,0.88,3.5502344273275286,3.47,3.55
369,Dhading,Khaniyabash Rural Municipality,2640,2618,10680,5175,5505,True,48.46,51.54,0.94,4.0794499618029025,4.05,4.08
370,Dhading,Netrawati Dabjong Rural Municipality,3295,3242,11271,5390,5881,True,47.82,52.18,0.92,3.4765576804441705,3.42,3.48
371,Dhading,Nilakantha Municipality,16579,14281,58151,27136,31015,True,46.66,53.34,0.87,4.071913731531406,3.51,4.07
372,Dhading,Rubi Valley Rural Municipality,3005,2989,10472,5261,5211,True,50.24,49.76,1.01,3.503512880562061,3.48,3.5
373,Dhading,Siddhalek Rural Municipality,5883,5795,22212,10652,11560,True,47.96,52.04,0.92,3.8329594477998272,3.78,3.83
374,Dhading,Thakre Rural Municipality,7745,7142,31554,15797,15757,True,50.06,49.94,1.0,4.4180901708204985,4.07,4.42
375,Dhading,Tripura Sundari Rural Municipality,5748,5596,21188,10105,11083,True,47.69,52.31,0.91,3.786275911365261,3.69,3.79
376,Makwanpur,Bagmati Rural Municipality,6498,6195,30625,15111,15514,True,49.34,50.66,0.97,4.943502824858757,4.71,4.94
377,Makwanpur,Bakaiya Rural Municipality,9028,8664,40671,19947,20724,True,49.04,50.96,0.96,4.694252077562327,4.5,4.69
378,Makwanpur,Bhimphedi Rural Municipality,5128,4939,21626,10668,10958,True,49.33,50.67,0.97,4.378619153674833,4.22,4.38
379,Makwanpur,Hetauda Sub-Metropolitian City,47027,5195,25508,97324,98627,True,49.67,50.33,0.99,4.970221940393151,0.54,4.91
380,Makwanpur,Indrasarowar Rural Municipality,3415,3217,13758,6739,7019,True,48.98,51.02,0.96,4.276655268884054,4.03,4.28
381,Makwanpur,Kailash Rural Municipality,4487,4400,21992,11140,10852,True,50.65,49.35,1.03,4.998181818181818,4.9,5.0
382,Makwanpur,Makawanpurgadhi Rural Municipality,5342,5239,24252,12169,12083,True,50.18,49.82,1.01,4.629127696125215,4.54,4.63
383,Makwanpur,Manahari Rural Municipality,10762,10097,47144,22986,24158,True,48.76,51.24,0.95,4.6691096365257,4.38,4.67
384,Makwanpur,Raksirang Rural Municipality,5077,5043,25871,13147,12724,True,50.82,49.18,1.03,5.130081300813008,5.1,5.13
385,Makwanpur,Thaha Municipality,9842,8995,39163,19241,19922,True,49.13,50.87,0.97,4.3538632573652025,3.98,4.35
386,Chitawan,Bharatpur Metropolitian City,98288,5195,25508,179744,189633,True,48.66,51.34,0.95,4.7454585164058685,0.26,4.91
387,Chitawan,Ichchhyakamana Rural Municipality,6174,5517,26965,13599,13366,True,50.43,49.57,1.02,4.887620083378648,4.37,4.89
388,Chitawan,Kalika Municipality,12466,11623,52779,25740,27039,True,48.77,51.23,0.95,4.540910264131464,4.23,4.54
389,Chitawan,Khairahani Municipality,16757,14650,68675,33104,35571,True,48.2,51.8,0.93,4.687713310580205,4.1,4.69
390,Chitawan,Madi Municipality,10227,9710,38550,18257,20293,True,47.36,52.64,0.9,3.970133882595263,3.77,3.97
391,Chitawan,Rapti Municipality,15459,14390,66426,32609,33817,True,49.09,50.91,0.96,4.616122307157749,4.3,4.62
392,Chitawan,Ratnanagar Municipality,22670,5195,25508,44120,46858,True,48.5,51.5,0.94,4.57152906889101,1.13,4.91
393,Gorkha,Aarughat Rural Municipality,6220,5950,21876,10409,11467,True,47.58,52.42,0.91,3.676638655462185,3.52,3.68
394,Gorkha,Ajirkot Rural Municipality,3667,3589,13002,6389,6613,True,49.14,50.86,0.97,3.6227361382000556,3.55,3.62
395,Gorkha,Bhimsenthapa Rural Municipality,5265,5186,17118,7819,9299,True,45.68,54.32,0.84,3.3008098727342845,3.25,3.3
396,Gorkha,Chum Nubri Rural Municipality,2134,2036,6789,3240,3549,True,47.72,52.28,0.91,3.3344793713163066,3.18,3.33
397,Gorkha,Dharche Rural Municipality,3790,3683,14563,7025,7538,True,48.24,51.76,0.93,3.9541134944338854,3.84,3.95
398,Gorkha,Gandaki Rural Municipality,5688,5537,21662,10414,11248,True,48.07,51.93,0.93,3.91222683763771,3.81,3.91
399,Gorkha,Gorkha Municipality,15298,12641,53285,25279,28006,True,47.44,52.56,0.9,4.215251957914722,3.48,4.22
400,Gorkha,Palungtar Municipality,11317,10727,37274,17431,19843,True,46.76,53.24,0.88,3.4747832572014543,3.29,3.47
401,Gorkha,Sahid Lakhan Rural Municipality,6812,6554,22429,10492,11937,True,46.78,53.22,0.88,3.422184925236497,3.29,3.42
402,Gorkha,Siranchok Rural Municipality,6026,5907,19829,9352,10477,True,47.16,52.84,0.89,3.356864736753005,3.29,3.36
403,Gorkha,Barpak Sulikot Rural Municipality,6583,6426,23222,10921,12301,True,47.03,52.97,0.89,3.613756613756614,3.53,3.61
404,Lamjung,Besishahar Municipality,11308,8781,38562,18525,20037,True,48.04,51.96,0.92,4.391527160915613,3.41,4.39
405,Lamjung,Dordi Rural Municipality,4597,4462,15639,7585,8054,True,48.5,51.5,0.94,3.5049305244285076,3.4,3.5
406,Lamjung,Dudhpokhari Rural Municipality,2492,2470,8558,4178,4380,True,48.82,51.18,0.95,3.4647773279352228,3.43,3.46
407,Lamjung,Kwholasothar Rural Municipality,2285,2228,8008,3827,4181,True,47.79,52.21,0.92,3.594254937163375,3.5,3.59
408,Lamjung,MadhyaNepal Municipality,6528,6002,21373,9767,11606,True,45.7,54.3,0.84,3.560979673442186,3.27,3.56
409,Lamjung,Marsyangdi Rural Municipality,4620,4455,17267,8421,8846,True,48.77,51.23,0.95,3.8758698092031425,3.74,3.88
410,Lamjung,Rainas Municipality,5009,4872,17207,8309,8898,True,48.29,51.71,0.93,3.5318144499178983,3.44,3.53
411,Lamjung,Sundarbazar Municipality,8034,6831,26866,12597,14269,True,46.89,53.11,0.88,3.9329527155614112,3.34,3.93
412,Tanahu,Anbukhaireni Rural Municipality,6284,4758,22349,10791,11558,True,48.28,51.72,0.93,4.69714165615805,3.56,4.7
413,Tanahu,Bandipur Rural Municipality,5418,4712,19403,9251,10152,True,47.68,52.32,0.91,4.1177843803056025,3.58,4.12
414,Tanahu,Bhanu Municipality,13064,12351,43255,19943,23312,True,46.11,53.89,0.86,3.5021455752570643,3.31,3.5
415,Tanahu,Bhimad Municipality,8964,7965,33077,15166,17911,True,45.85,54.15,0.85,4.15279347143754,3.69,4.15
416,Tanahu,Byas Municipality,24078,5195,80944,37669,43275,True,46.54,53.46,0.87,4.140993502839311,3.36,15.58
417,Tanahu,Devghat Rural Municipality,3878,3653,14941,7115,7826,True,47.62,52.38,0.91,4.090062961949083,3.85,4.09
418,Tanahu,Ghiring Rural Municipality,4490,4102,15038,7013,8025,True,46.64,53.36,0.87,3.666016577279376,3.35,3.67
419,Tanahu,Myagde Rural Municipality,6532,5857,23385,10781,12604,True,46.1,53.9,0.86,3.992658357520915,3.58,3.99
420,Tanahu,Rhishing Rural Municipality,4981,4611,18821,8590,10231,True,45.64,54.36,0.84,4.081761006289308,3.78,4.08
421,Tanahu,Shuklagandaki Municipality,15479,14086,55749,26023,29726,True,46.68,53.32,0.88,3.9577594774953857,3.6,3.96
422,Syangja,Aandhikhola Rural Municipality,4718,4278,14970,6916,8054,True,46.2,53.8,0.86,3.4992987377279103,3.17,3.5
423,Syangja,Arjunchaupari Rural Municipality,3810,3549,14094,6495,7599,True,46.08,53.92,0.85,3.9712595097210484,3.7,3.97
424,Syangja,Bhirkot Municipality,6226,5644,22617,10320,12297,True,45.63,54.37,0.84,4.007264351523742,3.63,4.01
425,Syangja,Biruwa Rural Municipality,3980,3775,13900,6571,7329,True,47.27,52.73,0.9,3.6821192052980134,3.49,3.68
426,Syangja,Chapakot Municipality,6389,5726,22787,10398,12389,True,45.63,54.37,0.84,3.9795668878798462,3.57,3.98
427,Syangja,Galyang Municipality,7971,7226,31125,14413,16712,True,46.31,53.69,0.86,4.307362302795461,3.9,4.31
428,Syangja,Harinas Rural Municipality,3591,3318,12979,5953,7026,True,45.87,54.13,0.85,3.911693791440627,3.61,3.91
429,Syangja,Kaligandagi Rural Municipality,4946,4666,18008,8242,9766,True,45.77,54.23,0.84,3.859408486926704,3.64,3.86
430,Syangja,Phedikhola Rural Municipality,3222,2919,10786,5035,5751,True,46.68,53.32,0.88,3.6951010620075366,3.35,3.7
431,Syangja,Putalibazar Municipality,12152,10390,42079,19440,22639,True,46.2,53.8,0.86,4.04995187680462,3.46,4.05
432,Syangja,Waling Municipality,13705,11365,50932,23657,27275,True,46.45,53.55,0.87,4.481478222613286,3.72,4.48
433,Kaski,Annapurna Rural Municipality,6406,5811,22517,10863,11654,True,48.24,51.76,0.93,3.874892445362244,3.51,3.87
434,Kaski,Machhapuchchhre Rural Municipality,6144,5509,22013,10762,11251,True,48.89,51.11,0.96,3.9958250136140863,3.58,4.0
435,Kaski,Madi Rural Municipality,4115,4014,16318,8136,8182,True,49.86,50.14,0.99,4.065271549576482,3.97,4.07
436,Kaski,Pokhara Metropolitian City,143137,5195,25508,250999,267453,True,48.41,51.59,0.94,5.099410833193993,0.18,4.91
437,Kaski,Rupa Rural Municipality,3674,3569,14741,7093,7648,True,48.12,51.88,0.93,4.130288596245447,4.01,4.13
438,Manang,Chame Rural Municipality,391,333,1272,728,544,True,57.23,42.77,1.34,3.81981981981982,3.25,3.82
439,Manang,Narpa Bhumi Rural Municipality,125,125,398,170,228,True,42.71,57.29,0.75,3.184,3.18,3.18
440,Manang,Narshon Rural Municipality,471,441,1671,831,840,True,49.73,50.27,0.99,3.7891156462585034,3.55,3.79
441,Manang,Manang Ingshyang Rural Municipality,558,548,1584,818,766,True,51.64,48.36,1.07,2.8905109489051095,2.84,2.89
442,Mustang,Waragung Muktikhsetra Rural Municipality,738,666,2611,1336,1275,True,51.17,48.83,1.05,3.9204204204204203,3.54,3.92
443,Mustang,Lo-Ghekar Damodarkunda Rural Municipality,459,444,1535,748,787,True,48.73,51.27,0.95,3.4572072072072073,3.34,3.46
444,Mustang,Gharapjhong Rural Municipality,1169,921,4875,2904,1971,True,59.57,40.43,1.47,5.293159609120521,4.17,5.29
445,Mustang,Lomanthang Rural Municipality,540,539,1997,1132,865,True,56.69,43.31,1.31,3.7050092764378477,3.7,3.71
446,Mustang,Thasang Rural Municipality,845,698,3578,2054,1524,True,57.41,42.59,1.35,5.126074498567335,4.23,5.13
447,Myagdi,Annapurna Rural Municipality,3618,3340,12351,6078,6273,True,49.21,50.79,0.97,3.6979041916167663,3.41,3.7
448,Myagdi,Beni Municipality,9465,7202,33062,15572,17490,True,47.1,52.9,0.89,4.590669258539295,3.49,4.59
449,Myagdi,Dhaulagiri Rural Municipality,3192,3008,12604,6158,6446,True,48.86,51.14,0.96,4.190159574468085,3.95,4.19
450,Myagdi,Malika Rural Municipality,4818,4336,18346,8999,9347,True,49.05,50.95,0.96,4.231088560885609,3.81,4.23
451,Myagdi,Mangala Rural Municipality,3934,3699,14772,7030,7742,True,47.59,52.41,0.91,3.9935117599351178,3.75,3.99
452,Myagdi,Raghuganga Rural Municipality,4174,3767,14232,6857,7375,True,48.18,51.82,0.93,3.7780727369259357,3.41,3.78
453,Parbat,Bihadi Rural Municipality,3192,3063,12521,5960,6561,True,47.6,52.4,0.91,4.087822396343454,3.92,4.09
454,Parbat,Jaljala Rural Municipality,6095,5140,21375,10259,11116,True,48.0,52.0,0.92,4.158560311284047,3.51,4.16
455,Parbat,Kushma Municipality,11906,9740,38774,18543,20231,True,47.82,52.18,0.92,3.980903490759754,3.26,3.98
456,Parbat,Mahashila Rural Municipality,2093,1964,8233,3867,4366,True,46.97,53.03,0.89,4.191955193482689,3.93,4.19
457,Parbat,Modi Rural Municipality,5148,4618,18018,8611,9407,True,47.79,52.21,0.92,3.9016890428757036,3.5,3.9
458,Parbat,Painyu Rural Municipality,3292,2995,12705,6025,6680,True,47.42,52.58,0.9,4.242070116861436,3.86,4.24
459,Parbat,Phalebas Municipality,5875,5529,20726,9534,11192,True,46.0,54.0,0.85,3.748598299873395,3.53,3.75
460,Baglung,Badigad Rural Municipality,6819,6324,28797,13487,15310,True,46.83,53.17,0.88,4.553605313092979,4.22,4.55
461,Baglung,Baglung Municipality,16399,12924,57030,26588,30442,True,46.62,53.38,0.87,4.41272051996286,3.48,4.41
462,Baglung,Bareng Rural Municipality,2981,2796,11162,5070,6092,True,45.42,54.58,0.83,3.992131616595136,3.74,3.99
463,Baglung,Dhorpatan Municipality,7661,6535,30779,14306,16473,True,46.48,53.52,0.87,4.709869931140015,4.02,4.71
464,Baglung,Galkot Municipality,7912,7314,30503,14473,16030,True,47.45,52.55,0.9,4.170494941208641,3.86,4.17
465,Baglung,Jaimuni Municipality,6912,6555,24784,11310,13474,True,45.63,54.37,0.84,3.78093058733791,3.59,3.78
466,Baglung,Kanthekhola Rural Municipality,5961,5743,22732,10387,12345,True,45.69,54.31,0.84,3.9582099947762495,3.81,3.96
467,Baglung,Nisikhola Rural Municipality,5711,5499,23215,10566,12649,True,45.51,54.49,0.84,4.221676668485179,4.06,4.22
468,Baglung,Taman Khola Rural Municipality,2622,2453,9795,4667,5128,True,47.65,52.35,0.91,3.9930697105585,3.74,3.99
469,Baglung,Tara Khola Rural Municipality,2356,2302,10167,5010,5157,True,49.28,50.72,0.97,4.416594265855777,4.32,4.42
470,Nawalparasi East,Binayee Tribeni Rural Municipality,9348,8651,39201,18664,20537,True,47.61,52.39,0.91,4.531383655068778,4.19,4.53
471,Nawalparasi East,Bulingtar Rural Municipality,3569,3305,14596,7007,7589,True,48.01,51.99,0.92,4.416338880484115,4.09,4.42
472,Nawalparasi East,Baudeekali Rural Municipality,2914,2676,11339,5164,6175,True,45.54,54.46,0.84,4.237294469357249,3.89,4.24
473,Nawalparasi East,Devchuli Municipality,14836,13127,59400,28133,31267,True,47.36,52.64,0.9,4.525024758132094,4.0,4.53
474,Nawalparasi East,Gaidakot Municipality,20701,5195,80737,38725,42012,True,47.96,52.04,0.92,4.707422307737158,3.9,15.54
475,Nawalparasi East,Hupsekot Rural Municipality,6250,5865,26861,12346,14515,True,45.96,54.04,0.85,4.579880647911338,4.3,4.58
476,Nawalparasi East,Kawasoti Municipality,22184,5195,25508,40890,46286,True,46.91,53.09,0.88,4.455028618152085,1.15,4.91
477,Nawalparasi East,Madhyabindu Municipality,15549,14345,61548,28291,33257,True,45.97,54.03,0.85,4.29055420006971,3.96,4.29
478,Gulmi,Chandrakot Rural Municipality,5148,4732,18751,8605,10146,True,45.89,54.11,0.85,3.9625950972104818,3.64,3.96
479,Gulmi,Chatrakot Rural Municipality,5320,5073,19239,8601,10638,True,44.71,55.29,0.81,3.7924305144884682,3.62,3.79
480,Gulmi,Dhurkot Rural Municipality,5405,5036,18699,8285,10414,True,44.31,55.69,0.8,3.7130659253375695,3.46,3.71
481,Gulmi,Gulmidarbar Rural Municipality,5288,5032,19413,8490,10923,True,43.73,56.27,0.78,3.8579093799682034,3.67,3.86
482,Gulmi,Isma Rural Municipality,5013,4777,18530,8453,10077,True,45.62,54.38,0.84,3.8790035587188614,3.7,3.88
483,Gulmi,Kaligandaki Rural Municipality,3793,3640,15106,7085,8021,True,46.9,53.1,0.88,4.15,3.98,4.15
484,Gulmi,Madane Rural Municipality,5274,4961,19820,8985,10835,True,45.33,54.67,0.83,3.9951622656722434,3.76,4.0
485,Gulmi,Malika Rural Municipality,5273,5040,20173,9263,10910,True,45.92,54.08,0.85,4.002579365079365,3.83,4.0
486,Gulmi,Musikot Municipality,7135,6761,28761,13371,15390,True,46.49,53.51,0.87,4.253956515308387,4.03,4.25
487,Gulmi,Resunga Municipality,9129,6865,31677,14696,16981,True,46.39,53.61,0.87,4.614275309541151,3.47,4.61
488,Gulmi,Ruru Rural Municipality,4691,4348,16638,7627,9011,True,45.84,54.16,0.85,3.826586936522539,3.55,3.83
489,Gulmi,Satyawati Rural Municipality,5252,4953,19751,9056,10695,True,45.85,54.15,0.85,3.98768423177872,3.76,3.99
490,Palpa,Bagnaskali Rural Municipality,4648,4423,16934,7683,9251,True,45.37,54.63,0.83,3.8286231064888083,3.64,3.83
491,Palpa,Mathagadhi Rural Municipality,5840,5553,24024,11222,12802,True,46.71,53.29,0.88,4.326310102647218,4.11,4.33
492,Palpa,Nisdi Rural Municipality,4075,3772,17629,8137,9492,True,46.16,53.84,0.86,4.673647932131495,4.33,4.67
493,Palpa,Purbakhola Rural Municipality,4138,3660,16145,7147,8998,True,44.27,55.73,0.79,4.41120218579235,3.9,4.41
494,Palpa,Rainadevi Chhahara Rural Municipality,6390,6046,23124,10491,12633,True,45.37,54.63,0.83,3.8246774727092294,3.62,3.82
495,Palpa,Rambha Rural Municipality,4696,4339,17077,7565,9512,True,44.3,55.7,0.8,3.9356994699239456,3.64,3.94
496,Palpa,Rampur Municipality,10821,9111,39190,17775,21415,True,45.36,54.64,0.83,4.301393919438042,3.62,4.3
497,Palpa,Ribdikot Rural Municipality,4459,4236,15636,7195,8441,True,46.02,53.98,0.85,3.691218130311615,3.51,3.69
498,Palpa,Tansen Municipality,14865,10919,51470,23927,27543,True,46.49,53.51,0.87,4.713801630185914,3.46,4.71
499,Palpa,Tinau Rural Municipality,4326,4164,18291,8628,9663,True,47.17,52.83,0.89,4.392651296829971,4.23,4.39
500,Nawalparasi West,Bardaghat Municipality,18240,5195,75017,35180,39837,True,46.9,53.1,0.88,4.56585514303104,4.11,14.44
501,Nawalparasi West,Palhi Nandan Rural Municipality,7383,6165,40325,20662,19663,True,51.24,48.76,1.05,6.54095701540957,5.46,6.54
502,Nawalparasi West,Pratappur Rural Municipality,10753,9234,50326,25016,25310,True,49.71,50.29,0.99,5.450075806800953,4.68,5.45
503,Nawalparasi West,Ramgram Municipality,13081,11037,64150,31842,32308,True,49.64,50.36,0.99,5.812267826402102,4.9,5.81
504,Nawalparasi West,Sarawal Rural Municipality,8840,7576,42217,20691,21526,True,49.01,50.99,0.96,5.572465681098205,4.78,5.57
505,Nawalparasi West,Sunwal Municipality,17689,5195,72621,34316,38305,True,47.25,52.75,0.9,4.575704114422532,4.11,13.98
506,Nawalparasi West,Susta Rural Municipality,7892,6946,39798,19365,20433,True,48.66,51.34,0.95,5.729628563201842,5.04,5.73
507,Rupandehi,Butwal Sub-Metropolitian City,51099,5195,25508,95705,99349,True,49.07,50.93,0.96,5.2732974668144585,0.5,4.91
508,Rupandehi,Devdaha Municipality,17582,5195,71806,33747,38059,True,47.0,53.0,0.89,4.595878136200717,4.08,13.82
509,Rupandehi,Gaidahawa Rural Municipality,10020,8612,56529,28000,28529,True,49.53,50.47,0.98,6.563980492336275,5.64,6.56
510,Rupandehi,Kanchan Rural Municipality,10483,9828,42528,19295,23233,True,45.37,54.63,0.83,4.327228327228327,4.06,4.33
511,Rupandehi,Kotahimai Rural Municipality,7921,5939,46417,23527,22890,True,50.69,49.31,1.03,7.815625526182859,5.86,7.82
512,Rupandehi,Lumbini Sanskritik Municipality,13854,10736,25508,43706,44384,True,49.62,50.38,0.98,8.205104321907601,1.84,2.38
513,Rupandehi,Marchawari Rural Municipality,6972,5305,41058,20632,20426,True,50.25,49.75,1.01,7.739491046182846,5.89,7.74
514,Rupandehi,Mayadevi Rural Municipality,10040,8003,57341,28991,28350,True,50.56,49.44,1.02,7.164938148194427,5.71,7.16
515,Rupandehi,Omsatiya Rural Municipality,8218,6683,41080,20332,20748,True,49.49,50.51,0.98,6.146939997007332,5.0,6.15
516,Rupandehi,Rohini Rural Municipality,8096,6349,43277,21836,21441,True,50.46,49.54,1.02,6.816349031343519,5.35,6.82
517,Rupandehi,Sainamaina Municipality,19657,5195,78477,36547,41930,True,46.57,53.43,0.87,4.46602549510585,3.99,15.11
518,Rupandehi,Sammarimai Rural Municipality,7303,5164,43300,21691,21609,True,50.09,49.91,1.0,8.384972889233152,5.93,8.38
519,Rupandehi,Siddharthanagar Municipality,16011,12329,76307,38136,38171,True,49.98,50.02,1.0,6.189228647903318,4.77,6.19
520,Rupandehi,Siyari Rural Municipality,9060,7883,45274,22100,23174,True,48.81,51.19,0.95,5.743244957503489,5.0,5.74
521,Rupandehi,Sudhdhodhan Rural Municipality,8717,7619,41472,20352,21120,True,49.07,50.93,0.96,5.443234020212627,4.76,5.44
522,Rupandehi,Tillotama Municipality,36399,5195,25508,71700,77957,True,47.91,52.09,0.92,4.914521213713385,0.7,4.91
523,Kapilbastu,Banganga Municipality,23482,5195,25508,45820,51294,True,47.18,52.82,0.89,4.590159285342913,1.09,4.91
524,Kapilbastu,Bijayanagar Rural Municipality,7144,6361,43440,21562,21878,True,49.64,50.36,0.99,6.829114919037887,6.08,6.83
525,Kapilbastu,Buddhabhumi Municipality,15581,13717,77281,37580,39701,True,48.63,51.37,0.95,5.633957862506379,4.96,5.63
526,Kapilbastu,Kapilbastu Municipality,15555,12871,25508,44505,45464,True,49.47,50.53,0.98,6.990055162769016,1.64,1.98
527,Kapilbastu,Krishnanagar Municipality,10889,8734,70969,35449,35520,True,49.95,50.05,1.0,8.125601099152737,6.52,8.13
528,Kapilbastu,Maharajgunj Municipality,9945,8084,65668,33257,32411,True,50.64,49.36,1.03,8.123206333498269,6.6,8.12
529,Kapilbastu,Mayadevi Rural Municipality,8383,6623,57121,28014,29107,True,49.04,50.96,0.96,8.624641401177714,6.81,8.62
530,Kapilbastu,Shivaraj Municipality,16072,13960,84454,41098,43356,True,48.66,51.34,0.95,6.0497134670487105,5.25,6.05
531,Kapilbastu,Suddhodhan Rural Municipality,8593,6770,53417,26258,27159,True,49.16,50.84,0.97,7.8902511078286555,6.22,7.89
532,Kapilbastu,Yashodhara Rural Municipality,7045,5462,45169,22030,23139,True,48.77,51.23,0.95,8.269681435371659,6.41,8.27
533,Arghakhanchi,Bhumekasthan Municipality,7891,7403,28317,12687,15630,True,44.8,55.2,0.81,3.8250709171957316,3.59,3.83
534,Arghakhanchi,Chhatradev Rural Municipality,6263,5930,21691,9676,12015,True,44.61,55.39,0.81,3.6578414839797637,3.46,3.66
535,Arghakhanchi,Malarani Rural Municipality,6842,6501,23780,10747,13033,True,45.19,54.81,0.82,3.657898784802338,3.48,3.66
536,Arghakhanchi,Panini Rural Municipality,6214,5915,22330,10064,12266,True,45.07,54.93,0.82,3.775147928994083,3.59,3.78
537,Arghakhanchi,Sandhikharka Municipality,12322,10261,42528,19507,23021,True,45.87,54.13,0.85,4.144625280187117,3.45,4.14
538,Arghakhanchi,Sitganga Municipality,9541,9002,37888,17787,20101,True,46.95,53.05,0.88,4.208842479449011,3.97,4.21
539,Pyuthan,Ayirabati Rural Municipality,5145,4628,20404,9074,11330,True,44.47,55.53,0.8,4.408815903197926,3.97,4.41
540,Pyuthan,Gaumukhi Rural Municipality,5616,5380,26000,12006,13994,True,46.18,53.82,0.86,4.83271375464684,4.63,4.83
541,Pyuthan,Jhimruk Rural Municipality,6592,6130,26491,11935,14556,True,45.05,54.95,0.82,4.321533442088091,4.02,4.32
542,Pyuthan,Mallarani Rural Municipality,4152,3743,15846,6866,8980,True,43.33,56.67,0.76,4.233502538071066,3.82,4.23
543,Pyuthan,Mandavi Rural Municipality,3904,3469,15778,7005,8773,True,44.4,55.6,0.8,4.548284808302104,4.04,4.55
544,Pyuthan,Naubahini Rural Municipality,7163,6781,32524,14916,17608,True,45.86,54.14,0.85,4.796342722312343,4.54,4.8
545,Pyuthan,Pyuthan Municipality,11500,10175,42094,18945,23149,True,45.01,54.99,0.82,4.137002457002457,3.66,4.14
546,Pyuthan,Sarumarani Rural Municipality,4488,4125,19370,8545,10825,True,44.11,55.89,0.79,4.695757575757575,4.32,4.7
547,Pyuthan,Sworgadwary Municipality,8400,7739,32127,14041,18086,True,43.7,56.3,0.78,4.151311538958522,3.82,4.15
548,Rolpa,Pariwartan Rural Municipality,4765,4567,22001,10252,11749,True,46.6,53.4,0.87,4.817385592292533,4.62,4.82
549,Rolpa,Lungri Rural Municipality,5668,5486,26539,12348,14191,True,46.53,53.47,0.87,4.837586584032081,4.68,4.84
550,Rolpa,Madi Rural Municipality,4143,4023,18013,8431,9582,True,46.81,53.19,0.88,4.477504349987571,4.35,4.48
551,Rolpa,Rolpa Municipality,8836,7464,35644,16410,19234,True,46.04,53.96,0.85,4.77545551982851,4.03,4.78
552,Rolpa,Runtigadi Rural Municipality,6387,6055,29094,13734,15360,True,47.21,52.79,0.89,4.804954582989265,4.56,4.8
553,Rolpa,Sunil Smriti Rural Municipality,7066,6462,30523,13983,16540,True,45.81,54.19,0.85,4.72346022903126,4.32,4.72
554,Rolpa,Gangadev Rural Municipality,4474,4423,21738,10278,11460,True,47.28,52.72,0.9,4.914763735021479,4.86,4.91
555,Rolpa,Sunchhahari Rural Municipality,3607,3505,17281,8298,8983,True,48.02,51.98,0.92,4.930385164051355,4.79,4.93
556,Rolpa,Thawang Rural Municipality,2575,2345,11008,5159,5849,True,46.87,53.13,0.88,4.694243070362473,4.27,4.69
557,Rolpa,Tribeni Rural Municipality,5468,5257,23190,10941,12249,True,47.18,52.82,0.89,4.411261175575423,4.24,4.41
558,Rukum East,Bhume Rural Municipality,4194,3849,19835,9425,10410,True,47.52,52.48,0.91,5.153286567939724,4.73,5.15
559,Rukum East,Putha Uttarganga Rural Municipality,4573,3925,18954,9473,9481,True,49.98,50.02,1.0,4.829044585987261,4.14,4.83
560,Rukum East,Sisne Rural Municipality,4396,3833,18751,9122,9629,True,48.65,51.35,0.95,4.891990607878946,4.27,4.89
561,Dang,Babai Rural Municipality,7538,7171,31317,14527,16790,True,46.39,53.61,0.87,4.367173337052015,4.15,4.37
562,Dang,Banglachuli Rural Municipality,5173,4951,22877,10276,12601,True,44.92,55.08,0.82,4.620682690365583,4.42,4.62
563,Dang,Dangisharan Rural Municipality,5897,5579,23672,11436,12236,True,48.31,51.69,0.93,4.243054310808389,4.01,4.24
564,Dang,Gadhawa Rural Municipality,10084,9448,46275,22650,23625,True,48.95,51.05,0.96,4.897861981371719,4.59,4.9
565,Dang,Ghorahi Sub-Metropolitian City,51619,5195,25508,94384,106695,True,46.94,53.06,0.88,4.44471706454465,0.49,4.91
566,Dang,Lamahi Municipality,13862,12482,58884,28257,30627,True,47.99,52.01,0.92,4.717513219035411,4.25,4.72
567,Dang,Rajpur Rural Municipality,5896,5634,28410,14171,14239,True,49.88,50.12,1.0,5.042598509052183,4.82,5.04
568,Dang,Rapti Rural Municipality,11837,10940,52158,24720,27438,True,47.39,52.61,0.9,4.76764168190128,4.41,4.77
569,Dang,Shantinagar Rural Municipality,7137,6792,27666,12872,14794,True,46.53,53.47,0.87,4.073321554770318,3.88,4.07
570,Dang,Tulsipur Sub-Metropolitian City,46699,5195,25508,85701,95033,True,47.42,52.58,0.9,4.4068565297961575,0.55,4.91
571,Banke,Baijanath Rural Municipality,16765,5195,70315,32739,37576,True,46.56,53.44,0.87,4.554375283373275,4.19,13.54
572,Banke,Duduwa Rural Municipality,8112,6152,43039,21798,21241,True,50.65,49.35,1.03,6.995936280884266,5.31,7.0
573,Banke,Janki Rural Municipality,9124,7263,46536,23386,23150,True,50.25,49.75,1.01,6.407269723254854,5.1,6.41
574,Banke,Khajura Rural Municipality,13885,12213,63749,30284,33465,True,47.51,52.49,0.9,5.219765823303038,4.59,5.22
575,Banke,Kohalpur Municipality,24346,5195,25508,48324,51965,True,48.18,51.82,0.93,4.719260270104936,1.05,4.91
576,Banke,Narainapur Rural Municipality,8680,6941,43698,21822,21876,True,49.94,50.06,1.0,6.2956346347788505,5.03,6.3
577,Banke,Nepalgunj Sub-Metropolitian City,35517,5195,25508,83311,82947,True,50.11,49.89,1.0,6.27601827035597,0.72,4.91
578,Banke,Rapti Sonari Rural Municipality,15491,14380,67782,32015,35767,True,47.23,52.77,0.9,4.713630041724618,4.38,4.71
579,Bardiya,Badhaiyatal Rural Municipality,12736,11826,52056,24042,28014,True,46.18,53.82,0.86,4.401826484018265,4.09,4.4
580,Bardiya,Bansagadhi Municipality,15149,13965,63400,29486,33914,True,46.51,53.49,0.87,4.539921231650555,4.19,4.54
581,Bardiya,Barbardiya Municipality,16950,5195,72892,34353,38539,True,47.13,52.87,0.89,4.598284128185718,4.3,14.03
582,Bardiya,Geruwa Rural Municipality,7788,7613,33742,15525,18217,True,46.01,53.99,0.85,4.432155523446736,4.33,4.43
583,Bardiya,Gulariya Municipality,16141,14177,74868,37086,37782,True,49.54,50.46,0.98,5.280948014389504,4.64,5.28
584,Bardiya,Madhuwan Municipality,12474,11647,51173,23570,27603,True,46.06,53.94,0.85,4.393663604361638,4.1,4.39
585,Bardiya,Rajapur Municipality,13711,13191,61431,29166,32265,True,47.48,52.52,0.9,4.657038890152377,4.48,4.66
586,Bardiya,Thakurbaba Municipality,11480,10646,49360,22853,26507,True,46.3,53.7,0.86,4.63648318617321,4.3,4.64
587,Rukum West,Aathbiskot Municipality,7603,7094,35929,17743,18186,True,49.38,50.62,0.98,5.064702565548351,4.73,5.06
588,Rukum West,Banfikot Rural Municipality,4827,4398,20940,10085,10855,True,48.16,51.84,0.93,4.7612551159618,4.34,4.76
589,Rukum West,Chaurjahari Municipality,6791,5957,29255,14170,15085,True,48.44,51.56,0.94,4.9110290414638245,4.31,4.91
590,Rukum West,Musikot Municipality,8793,7425,33871,16091,17780,True,47.51,52.49,0.91,4.5617508417508414,3.85,4.56
591,Rukum West,Sani Bheri Rural Municipality,5313,4897,24778,12152,12626,True,49.04,50.96,0.96,5.059832550541148,4.66,5.06
592,Rukum West,Tribeni Rural Municipality,4375,4231,20466,9775,10691,True,47.76,52.24,0.91,4.837154337036162,4.68,4.84
593,Salyan,Bagchaur Municipality,7539,7212,34053,16496,17557,True,48.44,51.56,0.94,4.72171381031614,4.52,4.72
594,Salyan,Bangad Kupinde Municipality,7893,7423,33758,16237,17521,True,48.1,51.9,0.93,4.547756971574835,4.28,4.55
595,Salyan,Chhatreshwori Rural Municipality,5135,4847,21368,10115,11253,True,47.34,52.66,0.9,4.408500103156592,4.16,4.41
596,Salyan,Darma Rural Municipality,4270,4006,19998,9699,10299,True,48.5,51.5,0.94,4.99201198202696,4.68,4.99
597,Salyan,Siddha Kumakh Rural Municipality,2892,2786,13135,6274,6861,True,47.77,52.23,0.91,4.714644651830581,4.54,4.71
598,Salyan,Kalimati Rural Municipality,4994,4734,22498,11126,11372,True,49.45,50.55,0.98,4.752429235318969,4.51,4.75
599,Salyan,Kapurkot Rural Municipality,3978,3864,17548,8410,9138,True,47.93,52.07,0.92,4.541407867494824,4.41,4.54
600,Salyan,Kumakh Rural Municipality,5582,5149,24858,12088,12770,True,48.63,51.37,0.95,4.827733540493299,4.45,4.83
601,Salyan,Sharada Municipality,8992,8122,34684,16516,18168,True,47.62,52.38,0.91,4.270376754493967,3.86,4.27
602,Salyan,Tribeni Rural Municipality,4125,3841,16768,7992,8776,True,47.66,52.34,0.91,4.365529809945326,4.06,4.37
603,Surkhet,Barahtal Rural Municipality,6240,6059,25562,12248,13314,True,47.91,52.09,0.92,4.2188479947186,4.1,4.22
604,Surkhet,Bheriganga Municipality,11599,10524,48581,22833,25748,True,47.0,53.0,0.89,4.616210566324591,4.19,4.62
605,Surkhet,Birendranagar Municipality,39391,5195,25508,75921,78965,True,49.02,50.98,0.96,4.8634408264514715,0.65,4.91
606,Surkhet,Chaukune Rural Municipality,5358,4897,27006,13289,13717,True,49.21,50.79,0.97,5.514804982642434,5.04,5.51
607,Surkhet,Chingad Rural Municipality,3240,3066,15752,7405,8347,True,47.01,52.99,0.89,5.137638617090672,4.86,5.14
608,Surkhet,Gurbhakot Municipality,11923,10960,49394,23162,26232,True,46.89,53.11,0.88,4.506751824817519,4.14,4.51
609,Surkhet,Lekbeshi Municipality,7475,7134,31791,14978,16813,True,47.11,52.89,0.89,4.456265769554247,4.25,4.46
610,Surkhet,Panchpuri Municipality,7979,7326,36062,17530,18532,True,48.61,51.39,0.95,4.922467922467923,4.52,4.92
611,Surkhet,Simta Rural Municipality,6121,5475,24298,10740,13558,True,44.2,55.8,0.79,4.4379908675799085,3.97,4.44
612,Dailekh,Aathabis Municipality,6246,4951,31839,15565,16274,True,48.89,51.11,0.96,6.430822056150273,5.1,6.43
613,Dailekh,Bhagawatimai Rural Municipality,3627,3344,18366,9083,9283,True,49.46,50.54,0.98,5.492224880382775,5.06,5.49
614,Dailekh,Bhairabi Rural Municipality,4198,3755,17981,8377,9604,True,46.59,53.41,0.87,4.788548601864181,4.28,4.79
615,Dailekh,Chamunda Bindrasaini Municipality,5192,4475,26575,13044,13531,True,49.08,50.92,0.96,5.93854748603352,5.12,5.94
616,Dailekh,Dullu Municipality,9208,8353,39582,18506,21076,True,46.75,53.25,0.88,4.738656770022747,4.3,4.74
617,Dailekh,Dungeshwor Rural Municipality,3436,3163,14597,6940,7657,True,47.54,52.46,0.91,4.614922541890611,4.25,4.61
618,Dailekh,Gurans Rural Municipality,4562,4358,21284,10483,10801,True,49.25,50.75,0.97,4.883891693437357,4.67,4.88
619,Dailekh,Mahabu Rural Municipality,4021,3652,18037,8316,9721,True,46.11,53.89,0.86,4.938937568455641,4.49,4.94
620,Dailekh,Narayan Municipality,6668,5421,25803,12222,13581,True,47.37,52.63,0.9,4.759822910902048,3.87,4.76
621,Dailekh,Naumule Rural Municipality,4517,4162,20589,10032,10557,True,48.73,51.27,0.95,4.946900528592023,4.56,4.95
622,Dailekh,Thantikandh Rural Municipality,4033,3142,18666,9107,9559,True,48.79,51.21,0.95,5.94080203691916,4.63,5.94
623,Jajarkot,Barekot Rural Municipality,3901,3485,22038,11010,11028,True,49.96,50.04,1.0,6.323672883787661,5.65,6.32
624,Jajarkot,Bheri Municipality,8962,7745,38370,18636,19734,True,48.57,51.43,0.94,4.954163976759199,4.28,4.95
625,Jajarkot,Chhedagad Municipality,7431,6888,38027,18852,19175,True,49.58,50.42,0.98,5.520760743321719,5.12,5.52
626,Jajarkot,Junichande Rural Municipality,4356,3967,23823,11979,11844,True,50.28,49.72,1.01,6.0052936728006046,5.47,6.01
627,Jajarkot,Kuse Rural Municipality,4520,4199,23529,11636,11893,True,49.45,50.55,0.98,5.603477018337699,5.21,5.6
628,Jajarkot,Shiwalaya Rural Municipality,2820,2598,14720,7270,7450,True,49.39,50.61,0.98,5.665896843725943,5.22,5.67
629,Jajarkot,Nalagad Municipality,6064,5427,28858,14412,14446,True,49.94,50.06,1.0,5.317486640869726,4.76,5.32
630,Dolpa,Chharka Tangsong Rural Municipality,320,306,1713,839,874,True,48.98,51.02,0.96,5.598039215686274,5.35,5.6
631,Dolpa,Dolpo Buddha Rural Municipality,543,542,2462,1206,1256,True,48.98,51.02,0.96,4.5424354243542435,4.53,4.54
632,Dolpa,Jagadulla Rural Municipality,600,511,2581,1289,1292,True,49.94,50.06,1.0,5.050880626223092,4.3,5.05
633,Dolpa,Kaike Rural Municipality,926,715,4124,1931,2193,True,46.82,53.18,0.88,5.767832167832168,4.45,5.77
634,Dolpa,Mudkechula Rural Municipality,1206,1078,5875,2975,2900,True,50.64,49.36,1.03,5.449907235621521,4.87,5.45
635,Dolpa,Shey Phoksundo Rural Municipality,818,805,3717,1775,1942,True,47.75,52.25,0.91,4.6173913043478265,4.54,4.62
636,Dolpa,Thuli Bheri Municipality,2380,1770,10187,5113,5074,True,50.19,49.81,1.01,5.755367231638418,4.28,5.76
637,Dolpa,Tripurasundari Municipality,2636,2268,12300,6148,6152,True,49.98,50.02,1.0,5.423280423280423,4.67,5.42
638,Jumla,Chandannath Municipality,5367,4166,20973,10475,10498,True,49.95,50.05,1.0,5.034325492078732,3.91,5.03
639,Jumla,Guthichaur Rural Municipality,2451,2205,10891,5344,5547,True,49.07,50.93,0.96,4.939229024943311,4.44,4.94
640,Jumla,Hima Rural Municipality,2104,2062,12804,6388,6416,True,49.89,50.11,1.0,6.209505334626576,6.09,6.21
641,Jumla,Kanakasundari Rural Municipality,2786,2733,13687,6807,6880,True,49.73,50.27,0.99,5.0080497621661175,4.91,5.01
642,Jumla,Patrasi Rural Municipality,3374,3191,16881,8349,8532,True,49.46,50.54,0.98,5.2901911626449385,5.0,5.29
643,Jumla,Sinja Rural Municipality,2427,2271,12744,6561,6183,True,51.48,48.52,1.06,5.611624834874505,5.25,5.61
644,Jumla,Tatopani Rural Municipality,3321,3190,15721,7728,7993,True,49.16,50.84,0.97,4.928213166144201,4.73,4.93
645,Jumla,Tila Rural Municipality,2666,2582,14692,7261,7431,True,49.42,50.58,0.98,5.690162664601084,5.51,5.69
646,Kalikot,Subha Kalika Rural Municipality,2769,2311,13900,6784,7116,True,48.81,51.19,0.95,6.014712245781047,5.02,6.01
647,Kalikot,Khandachakra Municipality,4132,3266,23336,11948,11388,True,51.2,48.8,1.05,7.1451316595223515,5.65,7.15
648,Kalikot,Mahawai Rural Municipality,1666,1364,8334,4072,4262,True,48.86,51.14,0.96,6.109970674486804,5.0,6.11
649,Kalikot,Naraharinath Rural Municipality,4422,3668,22414,11109,11305,True,49.56,50.44,0.98,6.1106870229007635,5.07,6.11
650,Kalikot,Pachaljharana Rural Municipality,2509,2196,13683,6837,6846,True,49.97,50.03,1.0,6.23087431693989,5.45,6.23
651,Kalikot,Palata Rural Municipality,2895,2683,17658,9018,8640,True,51.07,48.93,1.04,6.581438688035781,6.1,6.58
652,Kalikot,Raskot Municipality,3076,2836,16469,8059,8410,True,48.93,51.07,0.96,5.8071227080394925,5.35,5.81
653,Kalikot,Sanni Tribeni Rural Municipality,2352,2088,12864,6363,6501,True,49.46,50.54,0.98,6.160919540229885,5.47,6.16
654,Kalikot,Tilagufa Municipality,3135,2517,16259,8053,8206,True,49.53,50.47,0.98,6.459674215335717,5.19,6.46
655,Mugu,Chhayanath Rara Municipality,4917,4529,25692,13022,12670,True,50.69,49.31,1.03,5.672775447118569,5.23,5.67
656,Mugu,Khatyad Rural Municipality,3567,3429,19301,9840,9461,True,50.98,49.02,1.04,5.62875473899096,5.41,5.63
657,Mugu,Mugum Karmarong Rural Municipality,1399,1364,7301,3506,3795,True,48.02,51.98,0.92,5.352639296187683,5.22,5.35
658,Mugu,Soru Rural Municipality,2652,2469,14364,7080,7284,True,49.29,50.71,0.97,5.817739975698664,5.42,5.82
659,Humla,Adanchuli Rural Municipality,1481,1344,8110,4012,4098,True,49.47,50.53,0.98,6.034226190476191,5.48,6.03
660,Humla,Chankheli Rural Municipality,1196,1175,6625,3367,3258,True,50.82,49.18,1.03,5.638297872340425,5.54,5.64
661,Humla,Kharpunath Rural Municipality,1545,1330,6975,3465,3510,True,49.68,50.32,0.99,5.2443609022556394,4.51,5.24
662,Humla,Namkha Rural Municipality,868,850,4506,2304,2202,True,51.13,48.87,1.05,5.301176470588235,5.19,5.3
663,Humla,Sarkegad Rural Municipality,2211,2016,11040,5669,5371,True,51.35,48.65,1.06,5.476190476190476,4.99,5.48
664,Humla,Simkot Rural Municipality,3007,2512,12130,6101,6029,True,50.3,49.7,1.01,4.828821656050955,4.03,4.83
665,Humla,Tanjakot Rural Municipality,1176,1086,6110,3064,3046,True,50.15,49.85,1.01,5.626151012891344,5.2,5.63
666,Bajura,Badimalika Municipality,4082,3143,18432,9253,9179,True,50.2,49.8,1.01,5.86446070633153,4.52,5.86
667,Bajura,Budhiganga Municipality,4680,3875,20072,9259,10813,True,46.13,53.87,0.86,5.179870967741936,4.29,5.18
668,Bajura,Budhinanda Municipality,4317,3195,20745,10214,10531,True,49.24,50.76,0.97,6.492957746478873,4.81,6.49
669,Bajura,Khaptad Chhededaha Rural Municipality,3627,2878,19274,9326,9948,True,48.39,51.61,0.94,6.697011813759556,5.31,6.7
670,Bajura,Gaumul Rural Municipality,1731,1588,8765,4373,4392,True,49.89,50.11,1.0,5.519521410579345,5.06,5.52
671,Bajura,Himali Rural Municipality,2092,1716,10503,5284,5219,True,50.31,49.69,1.01,6.120629370629371,5.02,6.12
672,Bajura,Jagannath Rural Municipality,1965,1687,10205,4938,5267,True,48.39,51.61,0.94,6.049199762892709,5.19,6.05
673,Bajura,Swami Kartik Khaapar Rural Municipality,2392,2242,13013,6593,6420,True,50.66,49.34,1.03,5.804192685102587,5.44,5.8
674,Bajura,Tribeni Municipality,4036,3567,17989,8368,9621,True,46.52,53.48,0.87,5.0431735351836275,4.46,5.04
675,Bajhang,Bithadchir Rural Municipality,3273,2728,16854,8301,8553,True,49.25,50.75,0.97,6.178152492668621,5.15,6.18
676,Bajhang,Bungal Municipality,6242,5357,33487,15885,17602,True,47.44,52.56,0.9,6.251073361956319,5.36,6.25
677,Bajhang,Chabispathivera Rural Municipality,3125,2792,14515,6770,7745,True,46.64,53.36,0.87,5.19878223495702,4.64,5.2
678,Bajhang,Durgathali Rural Municipality,2606,2282,11414,5149,6265,True,45.11,54.89,0.82,5.001752848378615,4.38,5.0
679,Bajhang,JayaPrithivi Municipality,5034,4088,21973,10560,11413,True,48.06,51.94,0.93,5.375,4.36,5.38
680,Bajhang,SaiPaal Rural Municipality,456,454,2681,1330,1351,True,49.61,50.39,0.98,5.905286343612334,5.88,5.91
681,Bajhang,Kedarseu Rural Municipality,4389,3768,21697,10000,11697,True,46.09,53.91,0.85,5.758227176220807,4.94,5.76
682,Bajhang,Khaptadchhanna Rural Municipality,3100,2453,13751,6238,7513,True,45.36,54.64,0.83,5.605788830004077,4.44,5.61
683,Bajhang,Masta Rural Municipality,2608,2519,13584,6518,7066,True,47.98,52.02,0.92,5.392616117506948,5.21,5.39
684,Bajhang,Surma Rural Municipality,1835,1593,11248,5609,5639,True,49.87,50.13,0.99,7.060891399874451,6.13,7.06
685,Bajhang,Talkot Rural Municipality,2238,2063,11858,5454,6404,True,45.99,54.01,0.85,5.747939893359185,5.3,5.75
686,Bajhang,Thalara Rural Municipality,3462,2819,15961,7104,8857,True,44.51,55.49,0.8,5.661936857041504,4.61,5.66
687,Achham,Bannigadhi Jayagadh Rural Municipality,3144,2309,13639,5887,7752,True,43.16,56.84,0.76,5.9068860978778694,4.34,5.91
688,Achham,Chaurpati Rural Municipality,4822,3960,22407,9985,12422,True,44.56,55.44,0.8,5.658333333333333,4.65,5.66
689,Achham,Dhakari Rural Municipality,4373,3501,22553,10813,11740,True,47.94,52.06,0.92,6.441873750357041,5.16,6.44
690,Achham,Kamalbazar Municipality,4590,3730,20947,9480,11467,True,45.26,54.74,0.83,5.615817694369973,4.56,5.62
691,Achham,Mangalsen Municipality,6231,4587,26843,12101,14742,True,45.08,54.92,0.82,5.851972967080881,4.31,5.85
692,Achham,Mellekh Rural Municipality,4752,3628,23096,10670,12426,True,46.2,53.8,0.86,6.366041896361632,4.86,6.37
693,Achham,Panchadewal Binayak Municipality,5432,4466,26316,12062,14254,True,45.84,54.16,0.85,5.892521271831616,4.84,5.89
694,Achham,Ramaroshan Rural Municipality,4959,3876,22676,10759,11917,True,47.45,52.55,0.9,5.8503611971104235,4.57,5.85
695,Achham,Sanphebagar Municipality,6382,4883,25990,11965,14025,True,46.04,53.96,0.85,5.322547614171616,4.07,5.32
696,Achham,Turmakhad Rural Municipality,5277,4428,24440,11668,12772,True,47.74,52.26,0.91,5.519421860885275,4.63,5.52
697,Doti,Adharsha Rural Municipality,5449,4204,24911,11141,13770,True,44.72,55.28,0.81,5.925547098001903,4.57,5.93
698,Doti,Badikedar Rural Municipality,2984,2762,15078,7555,7523,True,50.11,49.89,1.0,5.459087617668357,5.05,5.46
699,Doti,Bogtan Foodsil Rural Municipality,3198,2774,15912,7488,8424,True,47.06,52.94,0.89,5.736121124729633,4.98,5.74
700,Doti,Dipayal Silgadi Municipality,8601,6111,36906,17884,19022,True,48.46,51.54,0.94,6.039273441335297,4.29,6.04
701,Doti,Jorayal Rural Municipality,4432,4092,20364,10251,10113,True,50.34,49.66,1.01,4.976539589442815,4.59,4.98
702,Doti,K I Singh Rural Municipality,4731,3975,20830,9130,11700,True,43.83,56.17,0.78,5.240251572327044,4.4,5.24
703,Doti,Purbichauki Rural Municipality,5305,4095,21263,9089,12174,True,42.75,57.25,0.75,5.192429792429793,4.01,5.19
704,Doti,Sayal Rural Municipality,4311,3139,20125,9221,10904,True,45.82,54.18,0.85,6.411277476903472,4.67,6.41
705,Doti,Shikhar Municipality,7089,5654,30294,13307,16987,True,43.93,56.07,0.78,5.357976653696498,4.27,5.36
706,Kailali,Bardagoriya Rural Municipality,8639,8162,37714,17882,19832,True,47.41,52.59,0.9,4.620681205586866,4.37,4.62
707,Kailali,Bhajani Municipality,11143,10701,53795,25802,27993,True,47.96,52.04,0.92,5.02710027100271,4.83,5.03
708,Kailali,Chure Rural Municipality,4272,4015,21437,10809,10628,True,50.42,49.58,1.02,5.339227895392279,5.02,5.34
709,Kailali,Dhangadhi Sub-Metropolitian City,46670,5195,25508,102334,102454,True,49.97,50.03,1.0,5.217661596473795,0.55,4.91
710,Kailali,Gauriganga Municipality,13693,12984,64327,29730,34597,True,46.22,53.78,0.86,4.954328404189772,4.7,4.95
711,Kailali,Ghodaghodi Municipality,18636,5195,85982,40223,45759,True,46.78,53.22,0.88,4.831535176444144,4.61,16.55
712,Kailali,Godawari Municipality,21508,5195,25508,47873,52100,True,47.89,52.11,0.92,5.164961768960529,1.19,4.91
713,Kailali,Janaki Rural Municipality,11180,10657,49835,23202,26633,True,46.56,53.44,0.87,4.676269118888993,4.46,4.68
714,Kailali,Joshipur Rural Municipality,7775,7630,37167,17788,19379,True,47.86,52.14,0.92,4.871166448230668,4.78,4.87
715,Kailali,Kailari Rural Municipality,10793,10458,50457,24485,25972,True,48.53,51.47,0.94,4.824727481353987,4.67,4.82
716,Kailali,Lamkichuha Municipality,20801,5195,25508,42795,48146,True,47.06,52.94,0.89,4.695667888676615,1.23,4.91
717,Kailali,Mohanyal Rural Municipality,4450,4226,21285,10375,10910,True,48.74,51.26,0.95,5.036677709417889,4.78,5.04
718,Kailali,Tikapur Municipality,20953,5195,25508,43354,46761,True,48.11,51.89,0.93,4.720287046252161,1.22,4.91
719,Kanchanpur,Bedkot Municipality,12780,11904,58250,27055,31195,True,46.45,53.55,0.87,4.893313172043011,4.56,4.89
720,Kanchanpur,Beldandi Rural Municipality,4727,4471,22041,9939,12102,True,45.09,54.91,0.82,4.929769626481772,4.66,4.93
721,Kanchanpur,Belauri Municipality,11154,10296,53918,25526,28392,True,47.34,52.66,0.9,5.236790986790987,4.83,5.24
722,Kanchanpur,Bhimdatta Municipality,27691,5195,25508,59400,63916,True,48.17,51.83,0.93,4.98952053408861,0.92,4.91
723,Kanchanpur,Krishnapur Municipality,15272,14217,72501,34347,38154,True,47.37,52.63,0.9,5.099599071534079,4.75,5.1
724,Kanchanpur,Laljhadi Rural Municipality,4822,4666,25271,12282,12989,True,48.6,51.4,0.95,5.41598799828547,5.24,5.42
725,Kanchanpur,Dodhara Chandani Municipality,9657,8891,43486,19254,24232,True,44.28,55.72,0.79,4.891013384321224,4.5,4.89
726,Kanchanpur,Punarbas Municipality,13676,12895,61628,28286,33342,True,45.9,54.1,0.85,4.7792167506785574,4.51,4.78
727,Kanchanpur,Shuklaphanta Municipality,12120,11316,54379,24948,29431,True,45.88,54.12,0.85,4.805496641922941,4.49,4.81
728,Dadeldhura,Alital Rural Municipality,3743,3421,18125,8773,9352,True,48.4,51.6,0.94,5.298158433206665,4.84,5.3
729,Dadeldhura,Ajaymeru Rural Municipality,3479,2987,15243,7167,8076,True,47.02,52.98,0.89,5.1031134917977905,4.38,5.1
730,Dadeldhura,Amargadhi Municipality,6385,4752,24792,12515,12277,True,50.48,49.52,1.02,5.217171717171717,3.88,5.22
731,Dadeldhura,Bhageshwar Rural Municipality,2812,2362,13112,6290,6822,True,47.97,52.03,0.92,5.551227773073666,4.66,5.55
732,Dadeldhura,Ganayapdhura Rural Municipality,3360,2788,13655,6158,7497,True,45.1,54.9,0.82,4.897776183644189,4.06,4.9
733,Dadeldhura,Nawadurga Rural Municipality,4335,3634,18745,8194,10551,True,43.71,56.29,0.78,5.158227848101266,4.32,5.16
734,Dadeldhura,Parashuram Municipality,7494,6559,35748,16833,18915,True,47.09,52.91,0.89,5.450221070285105,4.77,5.45
735,Baitadi,Dasharathchanda Municipality,7339,6095,31786,15053,16733,True,47.36,52.64,0.9,5.215094339622642,4.33,5.22
736,Baitadi,Dilasaini Rural Municipality,4925,3930,23233,11347,11886,True,48.84,51.16,0.95,5.911704834605598,4.72,5.91
737,Baitadi,Dogadakedar Rural Municipality,4774,3998,23619,10854,12765,True,45.95,54.05,0.85,5.907703851925963,4.95,5.91
738,Baitadi,Melauli Municipality,4626,3890,21000,9735,11265,True,46.36,53.64,0.86,5.3984575835475574,4.54,5.4
739,Baitadi,Pancheshwar Rural Municipality,3617,2986,17780,8130,9650,True,45.73,54.27,0.84,5.9544541192230405,4.92,5.95
740,Baitadi,Patan Municipality,6276,5195,28360,13415,14945,True,47.3,52.7,0.9,5.459095283926853,4.52,5.46
741,Baitadi,Purchaudi Municipality,7236,6417,38666,18701,19965,True,48.37,51.63,0.94,6.02555711391616,5.34,6.03
742,Baitadi,Shivanath Rural Municipality,3435,2919,18247,8489,9758,True,46.52,53.48,0.87,6.251113394998287,5.31,6.25
743,Baitadi,Sigas Rural Municipality,4367,3652,23479,11153,12326,True,47.5,52.5,0.9,6.42907995618839,5.38,6.43
744,Baitadi,Surnaya Rural Municipality,3877,3206,18230,8549,9681,True,46.9,53.1,0.88,5.686213349968808,4.7,5.69
745,Darchula,Apihimal Rural Municipality,1363,1256,7023,3438,3585,True,48.95,51.05,0.96,5.5915605095541405,5.15,5.59
746,Darchula,Byas Rural Municipality,2361,2168,10205,4884,5321,True,47.86,52.14,0.92,4.707103321033211,4.32,4.71
747,Darchula,Dunhu Rural Municipality,2293,1906,9912,4580,5332,True,46.21,53.79,0.86,5.2004197271773345,4.32,5.2
748,Darchula,Lekam Rural Municipality,3045,2645,13638,6520,7118,True,47.81,52.19,0.92,5.156143667296786,4.48,5.16
749,Darchula,Mahakali Municipality,6080,4596,24572,12072,12500,True,49.13,50.87,0.97,5.3463881636205395,4.04,5.35
750,Darchula,Malikaarjun Rural Municipality,3241,2993,15754,7631,8123,True,48.44,51.56,0.94,5.263615101904444,4.86,5.26
751,Darchula,Marma Rural Municipality,3086,2704,15586,7551,8035,True,48.45,51.55,0.94,5.7640532544378695,5.05,5.76
752,Darchula,Naugad Rural Municipality,3156,2920,16434,7988,8446,True,48.61,51.39,0.95,5.6280821917808215,5.21,5.63
753,Darchula,Shailyashikhar Municipality,4561,4012,21932,10685,11247,True,48.72,51.28,0.95,5.466600199401794,4.81,5.47
